"","Tower","T_N","T_E","T_Lat","T_Long","Antenna","EstAzimuth","CalcAzimuth","Date","L_ID","L_Lat","L_Long","L_N","L_E","Power"
"1","T1",4752044.757,525279.398,42.92060542,-92.69025374,4,36,274.850983605212,"7/6/2019","T1-11",42.92062636,-92.69059068,4752046.981,525251.891,88.5
"2","T1",4752044.757,525279.398,42.92060542,-92.69025374,3,100,274.850983605212,"7/6/2019","T1-11",42.92062636,-92.69059068,4752046.981,525251.891,102
"3","T1",4752044.757,525279.398,42.92060542,-92.69025374,2,155,274.850983605212,"7/6/2019","T1-11",42.92062636,-92.69059068,4752046.981,525251.891,115.5
"4","T1",4752044.757,525279.398,42.92060542,-92.69025374,1,210,274.850983605212,"7/6/2019","T1-11",42.92062636,-92.69059068,4752046.981,525251.891,123
"5","T1",4752044.757,525279.398,42.92060542,-92.69025374,4,36,283.423489674519,"7/6/2019","T1-12",42.92066334,-92.69058514,4752051.089,525252.328,93
"6","T1",4752044.757,525279.398,42.92060542,-92.69025374,3,100,283.423489674519,"7/6/2019","T1-12",42.92066334,-92.69058514,4752051.089,525252.328,97
"7","T1",4752044.757,525279.398,42.92060542,-92.69025374,2,155,283.423489674519,"7/6/2019","T1-12",42.92066334,-92.69058514,4752051.089,525252.328,110
"8","T1",4752044.757,525279.398,42.92060542,-92.69025374,1,210,283.423489674519,"7/6/2019","T1-12",42.92066334,-92.69058514,4752051.089,525252.328,107
"9","T1",4752044.757,525279.398,42.92060542,-92.69025374,4,36,256.808418122513,"7/6/2019","T1-10",42.92055108,-92.69057032,4752038.628,525253.583,94.5
"10","T1",4752044.757,525279.398,42.92060542,-92.69025374,3,100,256.808418122513,"7/6/2019","T1-10",42.92055108,-92.69057032,4752038.628,525253.583,113
"11","T1",4752044.757,525279.398,42.92060542,-92.69025374,2,155,256.808418122513,"7/6/2019","T1-10",42.92055108,-92.69057032,4752038.628,525253.583,116
"12","T1",4752044.757,525279.398,42.92060542,-92.69025374,1,210,256.808418122513,"7/6/2019","T1-10",42.92055108,-92.69057032,4752038.628,525253.583,129
"13","T1",4752044.757,525279.398,42.92060542,-92.69025374,4,36,239.043253622029,"7/6/2019","T1-09",42.92048805,-92.69052094,4752031.643,525257.639,97
"14","T1",4752044.757,525279.398,42.92060542,-92.69025374,3,100,239.043253622029,"7/6/2019","T1-09",42.92048805,-92.69052094,4752031.643,525257.639,116.5
"15","T1",4752044.757,525279.398,42.92060542,-92.69025374,2,155,239.043253622029,"7/6/2019","T1-09",42.92048805,-92.69052094,4752031.643,525257.639,116
"16","T1",4752044.757,525279.398,42.92060542,-92.69025374,1,210,239.043253622029,"7/6/2019","T1-09",42.92048805,-92.69052094,4752031.643,525257.639,131
"17","T1",4752044.757,525279.398,42.92060542,-92.69025374,4,36,219.201274037608,"7/6/2019","T1-08",42.92043807,-92.69044013,4752026.117,525264.255,90
"18","T1",4752044.757,525279.398,42.92060542,-92.69025374,3,100,219.201274037608,"7/6/2019","T1-08",42.92043807,-92.69044013,4752026.117,525264.255,121
"19","T1",4752044.757,525279.398,42.92060542,-92.69025374,2,155,219.201274037608,"7/6/2019","T1-08",42.92043807,-92.69044013,4752026.117,525264.255,116
"20","T1",4752044.757,525279.398,42.92060542,-92.69025374,1,210,219.201274037608,"7/6/2019","T1-08",42.92043807,-92.69044013,4752026.117,525264.255,129
"21","T1",4752044.757,525279.398,42.92060542,-92.69025374,4,36,199.550848479909,"7/6/2019","T1-07",42.92041127,-92.69034789,4752023.169,525271.794,76
"22","T1",4752044.757,525279.398,42.92060542,-92.69025374,3,100,199.550848479909,"7/6/2019","T1-07",42.92041127,-92.69034789,4752023.169,525271.794,114
"23","T1",4752044.757,525279.398,42.92060542,-92.69025374,2,155,199.550848479909,"7/6/2019","T1-07",42.92041127,-92.69034789,4752023.169,525271.794,112
"24","T1",4752044.757,525279.398,42.92060542,-92.69025374,1,210,199.550848479909,"7/6/2019","T1-07",42.92041127,-92.69034789,4752023.169,525271.794,127
"25","T1",4752044.757,525279.398,42.92060542,-92.69025374,1,210,181.031375790399,"7/6/2019","T4-01",42.91839293,-92.69030813,4751799.051,525275.864,54
"26","T4",4751820.777,525286.266,42.91858823,-92.6901797,4,4,205.714506291977,"7/6/2019","T4-01",42.91839293,-92.69030813,4751799.051,525275.864,116
"27","T4",4751820.777,525286.266,42.91858823,-92.6901797,3,65,205.714506291977,"7/6/2019","T4-01",42.91839293,-92.69030813,4751799.051,525275.864,114
"28","T4",4751820.777,525286.266,42.91858823,-92.6901797,2,124,205.714506291977,"7/6/2019","T4-01",42.91839293,-92.69030813,4751799.051,525275.864,122
"29","T4",4751820.777,525286.266,42.91858823,-92.6901797,1,194,205.714506291977,"7/6/2019","T4-01",42.91839293,-92.69030813,4751799.051,525275.864,139
"30","T7",4751587.388,525295.045,42.91648625,-92.69008267,3,20,355.050792138506,"7/6/2019","T4-01",42.91839293,-92.69030813,4751799.051,525275.864,83
"31","T7",4751587.388,525295.045,42.91648625,-92.69008267,2,70,355.050792138506,"7/6/2019","T4-01",42.91839293,-92.69030813,4751799.051,525275.864,75
"32","T7",4751587.388,525295.045,42.91648625,-92.69008267,1,134,355.050792138506,"7/6/2019","T4-01",42.91839293,-92.69030813,4751799.051,525275.864,65.5
"33","T7",4751587.388,525295.045,42.91648625,-92.69008267,3,20,313.399588273993,"7/6/2019","T7-01",42.91663484,-92.69029723,4751603.824,525277.472,125
"34","T7",4751587.388,525295.045,42.91648625,-92.69008267,2,70,313.399588273993,"7/6/2019","T7-01",42.91663484,-92.69029723,4751603.824,525277.472,90.5
"35","T7",4751587.388,525295.045,42.91648625,-92.69008267,1,134,313.399588273993,"7/6/2019","T7-01",42.91663484,-92.69029723,4751603.824,525277.472,112
"36","T7",4751587.388,525295.045,42.91648625,-92.69008267,4,322,313.399588273993,"7/6/2019","T7-01",42.91663484,-92.69029723,4751603.824,525277.472,117
"37","T1",4752044.757,525279.398,42.92060542,-92.69025374,1,210,180.747900198839,"7/6/2019","T4-13",42.91879735,-92.69028597,4751843.967,525277.507,63
"38","T4",4751820.777,525286.266,42.91858823,-92.6901797,4,4,339.587353113466,"7/6/2019","T4-13",42.91879735,-92.69028597,4751843.967,525277.507,126
"39","T4",4751820.777,525286.266,42.91858823,-92.6901797,3,65,339.587353113466,"7/6/2019","T4-13",42.91879735,-92.69028597,4751843.967,525277.507,110
"40","T4",4751820.777,525286.266,42.91858823,-92.6901797,2,124,339.587353113466,"7/6/2019","T4-13",42.91879735,-92.69028597,4751843.967,525277.507,126
"41","T4",4751820.777,525286.266,42.91858823,-92.6901797,1,194,339.587353113466,"7/6/2019","T4-13",42.91879735,-92.69028597,4751843.967,525277.507,111.5
"42","T7",4751587.388,525295.045,42.91648625,-92.69008267,3,20,356.314111665414,"7/6/2019","T4-13",42.91879735,-92.69028597,4751843.967,525277.507,76
"43","T1",4752044.757,525279.398,42.92060542,-92.69025374,4,36,178.657872067191,"7/6/2019","T1-06",42.92040913,-92.69024746,4752022.962,525279.991,76.5
"44","T1",4752044.757,525279.398,42.92060542,-92.69025374,3,100,178.657872067191,"7/6/2019","T1-06",42.92040913,-92.69024746,4752022.962,525279.991,102
"45","T1",4752044.757,525279.398,42.92060542,-92.69025374,2,155,178.657872067191,"7/6/2019","T1-06",42.92040913,-92.69024746,4752022.962,525279.991,110.5
"46","T1",4752044.757,525279.398,42.92060542,-92.69025374,1,210,178.657872067191,"7/6/2019","T1-06",42.92040913,-92.69024746,4752022.962,525279.991,124
"47","T4",4751820.777,525286.266,42.91858823,-92.6901797,4,4,186.950320560548,"7/6/2019","T4-02",42.91836794,-92.69021637,4751796.303,525283.363,109
"48","T4",4751820.777,525286.266,42.91858823,-92.6901797,3,65,186.950320560548,"7/6/2019","T4-02",42.91836794,-92.69021637,4751796.303,525283.363,108
"49","T4",4751820.777,525286.266,42.91858823,-92.6901797,2,124,186.950320560548,"7/6/2019","T4-02",42.91836794,-92.69021637,4751796.303,525283.363,122
"50","T4",4751820.777,525286.266,42.91858823,-92.6901797,1,194,186.950320560548,"7/6/2019","T4-02",42.91836794,-92.69021637,4751796.303,525283.363,137
"51","T8",4751595.309,525539.333,42.91654944,-92.68708931,3,0,308.453629719863,"7/6/2019","T4-02",42.91836794,-92.69021637,4751796.303,525283.363,62
"52","T7",4751587.388,525295.045,42.91648625,-92.69008267,3,20,357.021359486955,"7/6/2019","T4-02",42.91836794,-92.69021637,4751796.303,525283.363,82
"53","T7",4751587.388,525295.045,42.91648625,-92.69008267,2,70,357.021359486955,"7/6/2019","T4-02",42.91836794,-92.69021637,4751796.303,525283.363,75
"54","T7",4751587.388,525295.045,42.91648625,-92.69008267,1,134,357.021359486955,"7/6/2019","T4-02",42.91836794,-92.69021637,4751796.303,525283.363,66.5
"55","T1",4752044.757,525279.398,42.92060542,-92.69025374,1,210,178.342111891379,"7/6/2019","T4-12",42.91880218,-92.69018247,4751844.534,525285.952,60
"56","T7",4751587.388,525295.045,42.91648625,-92.69008267,3,20,358.192475416513,"7/6/2019","T4-12",42.91880218,-92.69018247,4751844.534,525285.952,65
"57","T4",4751820.777,525286.266,42.91858823,-92.6901797,4,4,359.456777587903,"7/6/2019","T4-12",42.91880218,-92.69018247,4751844.534,525285.952,130.5
"58","T4",4751820.777,525286.266,42.91858823,-92.6901797,3,65,359.456777587903,"7/6/2019","T4-12",42.91880218,-92.69018247,4751844.534,525285.952,112
"59","T4",4751820.777,525286.266,42.91858823,-92.6901797,2,124,359.456777587903,"7/6/2019","T4-12",42.91880218,-92.69018247,4751844.534,525285.952,128.5
"60","T4",4751820.777,525286.266,42.91858823,-92.6901797,1,194,359.456777587903,"7/6/2019","T4-12",42.91880218,-92.69018247,4751844.534,525285.952,103
"61","T7",4751587.388,525295.045,42.91648625,-92.69008267,3,20,339.244986111204,"7/6/2019","T7-02",42.91669146,-92.69018886,4751610.144,525286.294,128.5
"62","T7",4751587.388,525295.045,42.91648625,-92.69008267,2,70,339.244986111204,"7/6/2019","T7-02",42.91669146,-92.69018886,4751610.144,525286.294,113.5
"63","T7",4751587.388,525295.045,42.91648625,-92.69008267,1,134,339.244986111204,"7/6/2019","T7-02",42.91669146,-92.69018886,4751610.144,525286.294,114
"64","T7",4751587.388,525295.045,42.91648625,-92.69008267,4,322,339.244986111204,"7/6/2019","T7-02",42.91669146,-92.69018886,4751610.144,525286.294,116
"65","T1",4752044.757,525279.398,42.92060542,-92.69025374,4,36,156.029982157115,"7/6/2019","T1-05",42.92043264,-92.69014884,4752025.602,525288.03,101
"66","T1",4752044.757,525279.398,42.92060542,-92.69025374,3,100,156.029982157115,"7/6/2019","T1-05",42.92043264,-92.69014884,4752025.602,525288.03,99
"67","T1",4752044.757,525279.398,42.92060542,-92.69025374,2,155,156.029982157115,"7/6/2019","T1-05",42.92043264,-92.69014884,4752025.602,525288.03,107
"68","T1",4752044.757,525279.398,42.92060542,-92.69025374,1,210,156.029982157115,"7/6/2019","T1-05",42.92043264,-92.69014884,4752025.602,525288.03,116
"69","T4",4751820.777,525286.266,42.91858823,-92.6901797,4,4,168.8957732339,"7/6/2019","T4-03",42.91836555,-92.69012002,4751796.067,525291.228,100
"70","T4",4751820.777,525286.266,42.91858823,-92.6901797,3,65,168.8957732339,"7/6/2019","T4-03",42.91836555,-92.69012002,4751796.067,525291.228,94
"71","T4",4751820.777,525286.266,42.91858823,-92.6901797,2,124,168.8957732339,"7/6/2019","T4-03",42.91836555,-92.69012002,4751796.067,525291.228,119
"72","T4",4751820.777,525286.266,42.91858823,-92.6901797,1,194,168.8957732339,"7/6/2019","T4-03",42.91836555,-92.69012002,4751796.067,525291.228,134
"73","T8",4751595.309,525539.333,42.91654944,-92.68708931,3,0,309.29288817848,"7/6/2019","T4-03",42.91836555,-92.69012002,4751796.067,525291.228,64
"74","T7",4751587.388,525295.045,42.91648625,-92.69008267,3,20,359.166145799674,"7/6/2019","T4-03",42.91836555,-92.69012002,4751796.067,525291.228,83
"75","T7",4751587.388,525295.045,42.91648625,-92.69008267,2,70,359.166145799674,"7/6/2019","T4-03",42.91836555,-92.69012002,4751796.067,525291.228,76
"76","T7",4751587.388,525295.045,42.91648625,-92.69008267,1,134,359.166145799674,"7/6/2019","T4-03",42.91836555,-92.69012002,4751796.067,525291.228,68
"77","T7",4751587.388,525295.045,42.91648625,-92.69008267,3,20,188.916770768862,"7/6/2019","T7-11",42.91627032,-92.69012893,4751563.396,525291.357,106
"78","T7",4751587.388,525295.045,42.91648625,-92.69008267,2,70,188.916770768862,"7/6/2019","T7-11",42.91627032,-92.69012893,4751563.396,525291.357,118
"79","T7",4751587.388,525295.045,42.91648625,-92.69008267,1,134,188.916770768862,"7/6/2019","T7-11",42.91627032,-92.69012893,4751563.396,525291.357,127.5
"80","T7",4751587.388,525295.045,42.91648625,-92.69008267,4,322,188.916770768862,"7/6/2019","T7-11",42.91627032,-92.69012893,4751563.396,525291.357,106.5
"81","T4",4751820.777,525286.266,42.91858823,-92.6901797,4,4,17.8511828155011,"7/6/2019","T4-11",42.91879327,-92.69008953,4751843.573,525293.541,123
"82","T4",4751820.777,525286.266,42.91858823,-92.6901797,3,65,17.8511828155011,"7/6/2019","T4-11",42.91879327,-92.69008953,4751843.573,525293.541,110
"83","T4",4751820.777,525286.266,42.91858823,-92.6901797,2,124,17.8511828155011,"7/6/2019","T4-11",42.91879327,-92.69008953,4751843.573,525293.541,128
"84","T4",4751820.777,525286.266,42.91858823,-92.6901797,1,194,17.8511828155011,"7/6/2019","T4-11",42.91879327,-92.69008953,4751843.573,525293.541,112
"85","T1",4752044.757,525279.398,42.92060542,-92.69025374,1,210,176.203420619864,"7/6/2019","T4-11",42.91879327,-92.69008953,4751843.573,525293.541,59
"86","T7",4751587.388,525295.045,42.91648625,-92.69008267,3,20,359.875234259598,"7/6/2019","T4-11",42.91879327,-92.69008953,4751843.573,525293.541,73
"87","T1",4752044.757,525279.398,42.92060542,-92.69025374,4,36,134.638470860512,"7/6/2019","T1-04",42.9204716,-92.69006868,4752029.953,525294.556,109
"88","T1",4752044.757,525279.398,42.92060542,-92.69025374,3,100,134.638470860512,"7/6/2019","T1-04",42.9204716,-92.69006868,4752029.953,525294.556,111
"89","T1",4752044.757,525279.398,42.92060542,-92.69025374,2,155,134.638470860512,"7/6/2019","T1-04",42.9204716,-92.69006868,4752029.953,525294.556,101
"90","T1",4752044.757,525279.398,42.92060542,-92.69025374,1,210,134.638470860512,"7/6/2019","T1-04",42.9204716,-92.69006868,4752029.953,525294.556,108
"91","T7",4751587.388,525295.045,42.91648625,-92.69008267,3,20,5.27039062592642,"7/6/2019","T7-03",42.91670243,-92.69005544,4751611.402,525297.179,132
"92","T7",4751587.388,525295.045,42.91648625,-92.69008267,2,70,5.27039062592642,"7/6/2019","T7-03",42.91670243,-92.69005544,4751611.402,525297.179,119.5
"93","T7",4751587.388,525295.045,42.91648625,-92.69008267,1,134,5.27039062592642,"7/6/2019","T7-03",42.91670243,-92.69005544,4751611.402,525297.179,120
"94","T7",4751587.388,525295.045,42.91648625,-92.69008267,4,322,5.27039062592642,"7/6/2019","T7-03",42.91670243,-92.69005544,4751611.402,525297.179,107
"95","T7",4751587.388,525295.045,42.91648625,-92.69008267,3,20,1.21925391768948,"7/6/2019","T4-04",42.91839386,-92.69002723,4751799.239,525298.789,81
"96","T7",4751587.388,525295.045,42.91648625,-92.69008267,2,70,1.21925391768948,"7/6/2019","T4-04",42.91839386,-92.69002723,4751799.239,525298.789,75
"97","T7",4751587.388,525295.045,42.91648625,-92.69008267,1,134,1.21925391768948,"7/6/2019","T4-04",42.91839386,-92.69002723,4751799.239,525298.789,67
"98","T4",4751820.777,525286.266,42.91858823,-92.6901797,4,4,150.124409234209,"7/6/2019","T4-04",42.91839386,-92.69002723,4751799.239,525298.789,99.5
"99","T4",4751820.777,525286.266,42.91858823,-92.6901797,3,65,150.124409234209,"7/6/2019","T4-04",42.91839386,-92.69002723,4751799.239,525298.789,82
"100","T4",4751820.777,525286.266,42.91858823,-92.6901797,2,124,150.124409234209,"7/6/2019","T4-04",42.91839386,-92.69002723,4751799.239,525298.789,118
"101","T4",4751820.777,525286.266,42.91858823,-92.6901797,1,194,150.124409234209,"7/6/2019","T4-04",42.91839386,-92.69002723,4751799.239,525298.789,127.5
"102","T1",4752044.757,525279.398,42.92060542,-92.69025374,4,36,114.035459028169,"7/6/2019","T1-03",42.92052783,-92.69001616,4752036.212,525298.82,111
"103","T1",4752044.757,525279.398,42.92060542,-92.69025374,3,100,114.035459028169,"7/6/2019","T1-03",42.92052783,-92.69001616,4752036.212,525298.82,116
"104","T1",4752044.757,525279.398,42.92060542,-92.69025374,2,155,114.035459028169,"7/6/2019","T1-03",42.92052783,-92.69001616,4752036.212,525298.82,101
"105","T1",4752044.757,525279.398,42.92060542,-92.69025374,1,210,114.035459028169,"7/6/2019","T1-03",42.92052783,-92.69001616,4752036.212,525298.82,104
"106","T7",4751587.388,525295.045,42.91648625,-92.69008267,3,20,1.34894620079539,"7/6/2019","T4-10",42.91876644,-92.69000935,4751840.618,525300.096,68
"107","T7",4751587.388,525295.045,42.91648625,-92.69008267,2,70,1.34894620079539,"7/6/2019","T4-10",42.91876644,-92.69000935,4751840.618,525300.096,67
"108","T4",4751820.777,525286.266,42.91858823,-92.6901797,4,4,34.9927983586198,"7/6/2019","T4-10",42.91876644,-92.69000935,4751840.618,525300.096,122
"109","T4",4751820.777,525286.266,42.91858823,-92.6901797,3,65,34.9927983586198,"7/6/2019","T4-10",42.91876644,-92.69000935,4751840.618,525300.096,108
"110","T4",4751820.777,525286.266,42.91858823,-92.6901797,2,124,34.9927983586198,"7/6/2019","T4-10",42.91876644,-92.69000935,4751840.618,525300.096,124.5
"111","T4",4751820.777,525286.266,42.91858823,-92.6901797,1,194,34.9927983586198,"7/6/2019","T4-10",42.91876644,-92.69000935,4751840.618,525300.096,111
"112","T1",4752044.757,525279.398,42.92060542,-92.69025374,1,210,174.441412809807,"7/6/2019","T4-10",42.91876644,-92.69000935,4751840.618,525300.096,56.5
"113","T1",4752044.757,525279.398,42.92060542,-92.69025374,4,36,73.8567442610312,"7/6/2019","T1-01",42.92066041,-92.68999431,4752050.942,525300.549,112.5
"114","T1",4752044.757,525279.398,42.92060542,-92.69025374,3,100,73.8567442610312,"7/6/2019","T1-01",42.92066041,-92.68999431,4752050.942,525300.549,108.5
"115","T1",4752044.757,525279.398,42.92060542,-92.69025374,2,155,73.8567442610312,"7/6/2019","T1-01",42.92066041,-92.68999431,4752050.942,525300.549,100
"116","T1",4752044.757,525279.398,42.92060542,-92.69025374,1,210,73.8567442610312,"7/6/2019","T1-01",42.92066041,-92.68999431,4752050.942,525300.549,106
"117","T7",4751587.388,525295.045,42.91648625,-92.69008267,3,20,166.946682903225,"7/6/2019","T7-10",42.91626637,-92.69001306,4751562.992,525300.816,113
"118","T7",4751587.388,525295.045,42.91648625,-92.69008267,2,70,166.946682903225,"7/6/2019","T7-10",42.91626637,-92.69001306,4751562.992,525300.816,116
"119","T7",4751587.388,525295.045,42.91648625,-92.69008267,1,134,166.946682903225,"7/6/2019","T7-10",42.91626637,-92.69001306,4751562.992,525300.816,123
"120","T7",4751587.388,525295.045,42.91648625,-92.69008267,4,322,166.946682903225,"7/6/2019","T7-10",42.91626637,-92.69001306,4751562.992,525300.816,103
"121","T1",4752044.757,525279.398,42.92060542,-92.69025374,4,36,93.9160348519345,"7/6/2019","T1-02",42.92059213,-92.68998863,4752043.361,525301.04,114
"122","T1",4752044.757,525279.398,42.92060542,-92.69025374,3,100,93.9160348519345,"7/6/2019","T1-02",42.92059213,-92.68998863,4752043.361,525301.04,118
"123","T1",4752044.757,525279.398,42.92060542,-92.69025374,2,155,93.9160348519345,"7/6/2019","T1-02",42.92059213,-92.68998863,4752043.361,525301.04,104
"124","T1",4752044.757,525279.398,42.92060542,-92.69025374,1,210,93.9160348519345,"7/6/2019","T1-02",42.92059213,-92.68998863,4752043.361,525301.04,102
"125","T7",4751587.388,525295.045,42.91648625,-92.69008267,3,20,2.61480977781703,"7/6/2019","T4-09",42.91872336,-92.68994316,4751835.854,525305.516,68
"126","T4",4751820.777,525286.266,42.91858823,-92.6901797,4,4,52.0424277326005,"7/6/2019","T4-09",42.91872336,-92.68994316,4751835.854,525305.516,120
"127","T4",4751820.777,525286.266,42.91858823,-92.6901797,3,65,52.0424277326005,"7/6/2019","T4-09",42.91872336,-92.68994316,4751835.854,525305.516,103
"128","T4",4751820.777,525286.266,42.91858823,-92.6901797,2,124,52.0424277326005,"7/6/2019","T4-09",42.91872336,-92.68994316,4751835.854,525305.516,122.5
"129","T4",4751820.777,525286.266,42.91858823,-92.6901797,1,194,52.0424277326005,"7/6/2019","T4-09",42.91872336,-92.68994316,4751835.854,525305.516,112
"130","T1",4752044.757,525279.398,42.92060542,-92.69025374,1,210,173.109306183155,"7/6/2019","T4-09",42.91872336,-92.68994316,4751835.854,525305.516,57
"131","T7",4751587.388,525295.045,42.91648625,-92.69008267,3,20,3.1917363747368,"7/6/2019","T4-05",42.91844694,-92.68993337,4751805.161,525306.428,80
"132","T7",4751587.388,525295.045,42.91648625,-92.69008267,2,70,3.1917363747368,"7/6/2019","T4-05",42.91844694,-92.68993337,4751805.161,525306.428,73
"133","T7",4751587.388,525295.045,42.91648625,-92.69008267,1,134,3.1917363747368,"7/6/2019","T4-05",42.91844694,-92.68993337,4751805.161,525306.428,66.5
"134","T7",4751587.388,525295.045,42.91648625,-92.69008267,4,322,3.1917363747368,"7/6/2019","T4-05",42.91844694,-92.68993337,4751805.161,525306.428,66
"135","T4",4751820.777,525286.266,42.91858823,-92.6901797,4,4,128.069170557621,"7/6/2019","T4-05",42.91844694,-92.68993337,4751805.161,525306.428,112
"136","T4",4751820.777,525286.266,42.91858823,-92.6901797,3,65,128.069170557621,"7/6/2019","T4-05",42.91844694,-92.68993337,4751805.161,525306.428,107.5
"137","T4",4751820.777,525286.266,42.91858823,-92.6901797,2,124,128.069170557621,"7/6/2019","T4-05",42.91844694,-92.68993337,4751805.161,525306.428,120
"138","T4",4751820.777,525286.266,42.91858823,-92.6901797,1,194,128.069170557621,"7/6/2019","T4-05",42.91844694,-92.68993337,4751805.161,525306.428,123
"139","T8",4751595.309,525539.333,42.91654944,-92.68708931,3,0,312.335466060926,"7/6/2019","T4-05",42.91844694,-92.68993337,4751805.161,525306.428,64
"140","T7",4751587.388,525295.045,42.91648625,-92.69008267,3,20,29.0349262685988,"7/6/2019","T7-04",42.91668161,-92.68993459,4751609.127,525307.051,133
"141","T7",4751587.388,525295.045,42.91648625,-92.69008267,2,70,29.0349262685988,"7/6/2019","T7-04",42.91668161,-92.68993459,4751609.127,525307.051,118
"142","T7",4751587.388,525295.045,42.91648625,-92.69008267,1,134,29.0349262685988,"7/6/2019","T7-04",42.91668161,-92.68993459,4751609.127,525307.051,128
"143","T7",4751587.388,525295.045,42.91648625,-92.69008267,4,322,29.0349262685988,"7/6/2019","T7-04",42.91668161,-92.68993459,4751609.127,525307.051,109
"144","T7",4751587.388,525295.045,42.91648625,-92.69008267,3,20,3.43616205167422,"7/6/2019","T4-08",42.91866976,-92.68990364,4751829.914,525308.763,70
"145","T7",4751587.388,525295.045,42.91648625,-92.69008267,2,70,3.43616205167422,"7/6/2019","T4-08",42.91866976,-92.68990364,4751829.914,525308.763,67
"146","T4",4751820.777,525286.266,42.91858823,-92.6901797,4,4,68.0364208881666,"7/6/2019","T4-08",42.91866976,-92.68990364,4751829.914,525308.763,124
"147","T4",4751820.777,525286.266,42.91858823,-92.6901797,3,65,68.0364208881666,"7/6/2019","T4-08",42.91866976,-92.68990364,4751829.914,525308.763,115
"148","T4",4751820.777,525286.266,42.91858823,-92.6901797,2,124,68.0364208881666,"7/6/2019","T4-08",42.91866976,-92.68990364,4751829.914,525308.763,130
"149","T4",4751820.777,525286.266,42.91858823,-92.6901797,1,194,68.0364208881666,"7/6/2019","T4-08",42.91866976,-92.68990364,4751829.914,525308.763,115
"150","T1",4752044.757,525279.398,42.92060542,-92.69025374,1,210,172.45487135856,"7/6/2019","T4-08",42.91866976,-92.68990364,4751829.914,525308.763,54
"151","T7",4751587.388,525295.045,42.91648625,-92.69008267,3,20,3.86625838612982,"7/6/2019","T4-07",42.91861273,-92.68988643,4751823.586,525310.191,73.5
"152","T7",4751587.388,525295.045,42.91648625,-92.69008267,2,70,3.86625838612982,"7/6/2019","T4-07",42.91861273,-92.68988643,4751823.586,525310.191,66
"153","T4",4751820.777,525286.266,42.91858823,-92.6901797,4,4,83.4919274745091,"7/6/2019","T4-07",42.91861273,-92.68988643,4751823.586,525310.191,115
"154","T4",4751820.777,525286.266,42.91858823,-92.6901797,3,65,83.4919274745091,"7/6/2019","T4-07",42.91861273,-92.68988643,4751823.586,525310.191,112
"155","T4",4751820.777,525286.266,42.91858823,-92.6901797,2,124,83.4919274745091,"7/6/2019","T4-07",42.91861273,-92.68988643,4751823.586,525310.191,122
"156","T4",4751820.777,525286.266,42.91858823,-92.6901797,1,194,83.4919274745091,"7/6/2019","T4-07",42.91861273,-92.68988643,4751823.586,525310.191,106
"157","T7",4751587.388,525295.045,42.91648625,-92.69008267,3,20,142.689548816487,"7/6/2019","T7-09",42.91630867,-92.68989788,4751567.724,525310.2,125.5
"158","T7",4751587.388,525295.045,42.91648625,-92.69008267,2,70,142.689548816487,"7/6/2019","T7-09",42.91630867,-92.68989788,4751567.724,525310.2,122
"159","T7",4751587.388,525295.045,42.91648625,-92.69008267,1,134,142.689548816487,"7/6/2019","T7-09",42.91630867,-92.68989788,4751567.724,525310.2,135
"160","T7",4751587.388,525295.045,42.91648625,-92.69008267,4,322,142.689548816487,"7/6/2019","T7-09",42.91630867,-92.68989788,4751567.724,525310.2,109.5
"161","T7",4751587.388,525295.045,42.91648625,-92.69008267,3,20,4.03077393715974,"7/6/2019","T4-06",42.91853783,-92.68988526,4751815.269,525310.317,73
"162","T7",4751587.388,525295.045,42.91648625,-92.69008267,2,70,4.03077393715974,"7/6/2019","T4-06",42.91853783,-92.68988526,4751815.269,525310.317,67
"163","T4",4751820.777,525286.266,42.91858823,-92.6901797,4,4,103.155971050242,"7/6/2019","T4-06",42.91853783,-92.68988526,4751815.269,525310.317,111
"164","T4",4751820.777,525286.266,42.91858823,-92.6901797,3,65,103.155971050242,"7/6/2019","T4-06",42.91853783,-92.68988526,4751815.269,525310.317,112
"165","T4",4751820.777,525286.266,42.91858823,-92.6901797,2,124,103.155971050242,"7/6/2019","T4-06",42.91853783,-92.68988526,4751815.269,525310.317,122
"166","T4",4751820.777,525286.266,42.91858823,-92.6901797,1,194,103.155971050242,"7/6/2019","T4-06",42.91853783,-92.68988526,4751815.269,525310.317,109.5
"167","T7",4751587.388,525295.045,42.91648625,-92.69008267,3,20,56.3612732351207,"7/6/2019","T7-05",42.91660694,-92.68983499,4751600.865,525315.211,129
"168","T7",4751587.388,525295.045,42.91648625,-92.69008267,2,70,56.3612732351207,"7/6/2019","T7-05",42.91660694,-92.68983499,4751600.865,525315.211,117
"169","T7",4751587.388,525295.045,42.91648625,-92.69008267,1,134,56.3612732351207,"7/6/2019","T7-05",42.91660694,-92.68983499,4751600.865,525315.211,133
"170","T7",4751587.388,525295.045,42.91648625,-92.69008267,4,322,56.3612732351207,"7/6/2019","T7-05",42.91660694,-92.68983499,4751600.865,525315.211,122
"171","T7",4751587.388,525295.045,42.91648625,-92.69008267,3,20,124.367799974407,"7/6/2019","T7-08",42.91635901,-92.68982862,4751573.335,525315.832,121
"172","T7",4751587.388,525295.045,42.91648625,-92.69008267,2,70,124.367799974407,"7/6/2019","T7-08",42.91635901,-92.68982862,4751573.335,525315.832,118
"173","T7",4751587.388,525295.045,42.91648625,-92.69008267,1,134,124.367799974407,"7/6/2019","T7-08",42.91635901,-92.68982862,4751573.335,525315.832,132
"174","T7",4751587.388,525295.045,42.91648625,-92.69008267,4,322,124.367799974407,"7/6/2019","T7-08",42.91635901,-92.68982862,4751573.335,525315.832,112
"175","T7",4751587.388,525295.045,42.91648625,-92.69008267,3,20,105.942233356398,"7/6/2019","T7-07",42.91642458,-92.68978788,4751580.628,525319.13,123
"176","T7",4751587.388,525295.045,42.91648625,-92.69008267,2,70,105.942233356398,"7/6/2019","T7-07",42.91642458,-92.68978788,4751580.628,525319.13,122.5
"177","T7",4751587.388,525295.045,42.91648625,-92.69008267,1,134,105.942233356398,"7/6/2019","T7-07",42.91642458,-92.68978788,4751580.628,525319.13,138
"178","T7",4751587.388,525295.045,42.91648625,-92.69008267,4,322,105.942233356398,"7/6/2019","T7-07",42.91642458,-92.68978788,4751580.628,525319.13,123
"179","T7",4751587.388,525295.045,42.91648625,-92.69008267,3,20,83.923443221935,"7/6/2019","T7-06",42.91650971,-92.68978175,4751590.084,525319.596,119
"180","T7",4751587.388,525295.045,42.91648625,-92.69008267,2,70,83.923443221935,"7/6/2019","T7-06",42.91650971,-92.68978175,4751590.084,525319.596,124
"181","T7",4751587.388,525295.045,42.91648625,-92.69008267,1,134,83.923443221935,"7/6/2019","T7-06",42.91650971,-92.68978175,4751590.084,525319.596,140
"182","T7",4751587.388,525295.045,42.91648625,-92.69008267,4,322,83.923443221935,"7/6/2019","T7-06",42.91650971,-92.68978175,4751590.084,525319.596,128
"183","T5",4751833.976,525536.961,42.91869874,-92.6871075,3,39,261.278971849206,"7/7/2019","T5-14",42.91866535,-92.68740473,4751830.178,525512.716,100.5
"184","T5",4751833.976,525536.961,42.91869874,-92.6871075,2,97,261.278971849206,"7/7/2019","T5-14",42.91866535,-92.68740473,4751830.178,525512.716,120
"185","T5",4751833.976,525536.961,42.91869874,-92.6871075,8,115,261.278971849206,"7/7/2019","T5-14",42.91866535,-92.68740473,4751830.178,525512.716,128
"186","T5",4751833.976,525536.961,42.91869874,-92.6871075,1,159,261.278971849206,"7/7/2019","T5-14",42.91866535,-92.68740473,4751830.178,525512.716,97
"187","T5",4751833.976,525536.961,42.91869874,-92.6871075,7,173,261.278971849206,"7/7/2019","T5-14",42.91866535,-92.68740473,4751830.178,525512.716,90
"188","T5",4751833.976,525536.961,42.91869874,-92.6871075,6,240,261.278971849206,"7/7/2019","T5-14",42.91866535,-92.68740473,4751830.178,525512.716,103.5
"189","T5",4751833.976,525536.961,42.91869874,-92.6871075,5,289,261.278971849206,"7/7/2019","T5-14",42.91866535,-92.68740473,4751830.178,525512.716,129
"190","T5",4751833.976,525536.961,42.91869874,-92.6871075,4,346,261.278971849206,"7/7/2019","T5-14",42.91866535,-92.68740473,4751830.178,525512.716,117
"191","T5",4751833.976,525536.961,42.91869874,-92.6871075,3,39,285.333108932934,"7/7/2019","T5-13",42.91875743,-92.68739979,4751840.405,525513.081,119
"192","T5",4751833.976,525536.961,42.91869874,-92.6871075,2,97,285.333108932934,"7/7/2019","T5-13",42.91875743,-92.68739979,4751840.405,525513.081,112
"193","T5",4751833.976,525536.961,42.91869874,-92.6871075,8,115,285.333108932934,"7/7/2019","T5-13",42.91875743,-92.68739979,4751840.405,525513.081,133
"194","T5",4751833.976,525536.961,42.91869874,-92.6871075,1,159,285.333108932934,"7/7/2019","T5-13",42.91875743,-92.68739979,4751840.405,525513.081,119
"195","T5",4751833.976,525536.961,42.91869874,-92.6871075,7,173,285.333108932934,"7/7/2019","T5-13",42.91875743,-92.68739979,4751840.405,525513.081,117
"196","T5",4751833.976,525536.961,42.91869874,-92.6871075,6,240,285.333108932934,"7/7/2019","T5-13",42.91875743,-92.68739979,4751840.405,525513.081,112
"197","T5",4751833.976,525536.961,42.91869874,-92.6871075,5,289,285.333108932934,"7/7/2019","T5-13",42.91875743,-92.68739979,4751840.405,525513.081,121
"198","T5",4751833.976,525536.961,42.91869874,-92.6871075,4,346,285.333108932934,"7/7/2019","T5-13",42.91875743,-92.68739979,4751840.405,525513.081,119
"199","T7",4751587.388,525295.045,42.91648625,-92.69008267,1,134,87.2705572318771,"7/6/2019","T8-11",42.91658044,-92.68738397,4751598.662,525515.27,77
"200","T8",4751595.309,525539.333,42.91654944,-92.68708931,3,0,278.175060584288,"7/6/2019","T8-11",42.91658044,-92.68738397,4751598.662,525515.27,123
"201","T8",4751595.309,525539.333,42.91654944,-92.68708931,2,56,278.175060584288,"7/6/2019","T8-11",42.91658044,-92.68738397,4751598.662,525515.27,115
"202","T8",4751595.309,525539.333,42.91654944,-92.68708931,1,110,278.175060584288,"7/6/2019","T8-11",42.91658044,-92.68738397,4751598.662,525515.27,96
"203","T8",4751595.309,525539.333,42.91654944,-92.68708931,4,300,278.175060584288,"7/6/2019","T8-11",42.91658044,-92.68738397,4751598.662,525515.27,102.5
"204","T7",4751587.388,525295.045,42.91648625,-92.69008267,1,134,89.6306049258521,"7/6/2019","T8-12",42.91649898,-92.68737983,4751589.618,525515.642,74
"205","T8",4751595.309,525539.333,42.91654944,-92.68708931,3,0,256.657933323297,"7/6/2019","T8-12",42.91649898,-92.68737983,4751589.618,525515.642,132
"206","T8",4751595.309,525539.333,42.91654944,-92.68708931,2,56,256.657933323297,"7/6/2019","T8-12",42.91649898,-92.68737983,4751589.618,525515.642,107.5
"207","T8",4751595.309,525539.333,42.91654944,-92.68708931,1,110,256.657933323297,"7/6/2019","T8-12",42.91649898,-92.68737983,4751589.618,525515.642,109
"208","T8",4751595.309,525539.333,42.91654944,-92.68708931,4,300,256.657933323297,"7/6/2019","T8-12",42.91649898,-92.68737983,4751589.618,525515.642,96
"209","T5",4751833.976,525536.961,42.91869874,-92.6871075,3,39,237.769479214603,"7/7/2019","T5-15",42.91858134,-92.68736177,4751820.862,525516.257,96
"210","T5",4751833.976,525536.961,42.91869874,-92.6871075,2,97,237.769479214603,"7/7/2019","T5-15",42.91858134,-92.68736177,4751820.862,525516.257,129.5
"211","T5",4751833.976,525536.961,42.91869874,-92.6871075,8,115,237.769479214603,"7/7/2019","T5-15",42.91858134,-92.68736177,4751820.862,525516.257,117
"212","T5",4751833.976,525536.961,42.91869874,-92.6871075,1,159,237.769479214603,"7/7/2019","T5-15",42.91858134,-92.68736177,4751820.862,525516.257,127
"213","T5",4751833.976,525536.961,42.91869874,-92.6871075,7,173,237.769479214603,"7/7/2019","T5-15",42.91858134,-92.68736177,4751820.862,525516.257,113
"214","T5",4751833.976,525536.961,42.91869874,-92.6871075,6,240,237.769479214603,"7/7/2019","T5-15",42.91858134,-92.68736177,4751820.862,525516.257,115
"215","T5",4751833.976,525536.961,42.91869874,-92.6871075,5,289,237.769479214603,"7/7/2019","T5-15",42.91858134,-92.68736177,4751820.862,525516.257,124
"216","T5",4751833.976,525536.961,42.91869874,-92.6871075,4,346,237.769479214603,"7/7/2019","T5-15",42.91858134,-92.68736177,4751820.862,525516.257,123
"217","T7",4751587.388,525295.045,42.91648625,-92.69008267,1,134,91.3731620286861,"7/6/2019","T8-13",42.91643833,-92.6873548,4751582.89,525517.71,74
"218","T8",4751595.309,525539.333,42.91654944,-92.68708931,3,0,240.253721428816,"7/6/2019","T8-13",42.91643833,-92.6873548,4751582.89,525517.71,126
"219","T8",4751595.309,525539.333,42.91654944,-92.68708931,2,56,240.253721428816,"7/6/2019","T8-13",42.91643833,-92.6873548,4751582.89,525517.71,98.5
"220","T8",4751595.309,525539.333,42.91654944,-92.68708931,1,110,240.253721428816,"7/6/2019","T8-13",42.91643833,-92.6873548,4751582.89,525517.71,113
"221","T8",4751595.309,525539.333,42.91654944,-92.68708931,4,300,240.253721428816,"7/6/2019","T8-13",42.91643833,-92.6873548,4751582.89,525517.71,83.5
"222","T5",4751833.976,525536.961,42.91869874,-92.6871075,3,39,310.879423302255,"7/7/2019","T5-12",42.91884361,-92.68733604,4751849.995,525518.248,127
"223","T5",4751833.976,525536.961,42.91869874,-92.6871075,2,97,310.879423302255,"7/7/2019","T5-12",42.91884361,-92.68733604,4751849.995,525518.248,117
"224","T5",4751833.976,525536.961,42.91869874,-92.6871075,8,115,310.879423302255,"7/7/2019","T5-12",42.91884361,-92.68733604,4751849.995,525518.248,129
"225","T5",4751833.976,525536.961,42.91869874,-92.6871075,1,159,310.879423302255,"7/7/2019","T5-12",42.91884361,-92.68733604,4751849.995,525518.248,116
"226","T5",4751833.976,525536.961,42.91869874,-92.6871075,7,173,310.879423302255,"7/7/2019","T5-12",42.91884361,-92.68733604,4751849.995,525518.248,119
"227","T5",4751833.976,525536.961,42.91869874,-92.6871075,6,240,310.879423302255,"7/7/2019","T5-12",42.91884361,-92.68733604,4751849.995,525518.248,109
"228","T5",4751833.976,525536.961,42.91869874,-92.6871075,5,289,310.879423302255,"7/7/2019","T5-12",42.91884361,-92.68733604,4751849.995,525518.248,133
"229","T5",4751833.976,525536.961,42.91869874,-92.6871075,4,346,310.879423302255,"7/7/2019","T5-12",42.91884361,-92.68733604,4751849.995,525518.248,117.5
"230","T7",4751587.388,525295.045,42.91648625,-92.69008267,1,134,84.7038364448438,"7/6/2019","T8-10",42.91667249,-92.68733885,4751608.898,525518.915,74
"231","T8",4751595.309,525539.333,42.91654944,-92.68708931,3,0,303.953494594766,"7/6/2019","T8-10",42.91667249,-92.68733885,4751608.898,525518.915,122
"232","T8",4751595.309,525539.333,42.91654944,-92.68708931,2,56,303.953494594766,"7/6/2019","T8-10",42.91667249,-92.68733885,4751608.898,525518.915,119
"233","T8",4751595.309,525539.333,42.91654944,-92.68708931,1,110,303.953494594766,"7/6/2019","T8-10",42.91667249,-92.68733885,4751608.898,525518.915,106
"234","T8",4751595.309,525539.333,42.91654944,-92.68708931,4,300,303.953494594766,"7/6/2019","T8-10",42.91667249,-92.68733885,4751608.898,525518.915,93
"235","T5",4751833.976,525536.961,42.91869874,-92.6871075,3,39,212.840573771109,"7/7/2019","T5-16",42.91851765,-92.68726711,4751813.819,525524.009,93
"236","T5",4751833.976,525536.961,42.91869874,-92.6871075,2,97,212.840573771109,"7/7/2019","T5-16",42.91851765,-92.68726711,4751813.819,525524.009,128
"237","T5",4751833.976,525536.961,42.91869874,-92.6871075,8,115,212.840573771109,"7/7/2019","T5-16",42.91851765,-92.68726711,4751813.819,525524.009,110
"238","T5",4751833.976,525536.961,42.91869874,-92.6871075,1,159,212.840573771109,"7/7/2019","T5-16",42.91851765,-92.68726711,4751813.819,525524.009,139
"239","T5",4751833.976,525536.961,42.91869874,-92.6871075,7,173,212.840573771109,"7/7/2019","T5-16",42.91851765,-92.68726711,4751813.819,525524.009,122
"240","T5",4751833.976,525536.961,42.91869874,-92.6871075,6,240,212.840573771109,"7/7/2019","T5-16",42.91851765,-92.68726711,4751813.819,525524.009,121
"241","T5",4751833.976,525536.961,42.91869874,-92.6871075,5,289,212.840573771109,"7/7/2019","T5-16",42.91851765,-92.68726711,4751813.819,525524.009,128
"242","T5",4751833.976,525536.961,42.91869874,-92.6871075,4,346,212.840573771109,"7/7/2019","T5-16",42.91851765,-92.68726711,4751813.819,525524.009,128
"243","T5",4751833.976,525536.961,42.91869874,-92.6871075,3,39,330.334099927873,"7/7/2019","T5-11",42.91889483,-92.68726002,4751855.705,525524.432,130
"244","T5",4751833.976,525536.961,42.91869874,-92.6871075,2,97,330.334099927873,"7/7/2019","T5-11",42.91889483,-92.68726002,4751855.705,525524.432,120.5
"245","T5",4751833.976,525536.961,42.91869874,-92.6871075,8,115,330.334099927873,"7/7/2019","T5-11",42.91889483,-92.68726002,4751855.705,525524.432,123
"246","T5",4751833.976,525536.961,42.91869874,-92.6871075,1,159,330.334099927873,"7/7/2019","T5-11",42.91889483,-92.68726002,4751855.705,525524.432,100
"247","T5",4751833.976,525536.961,42.91869874,-92.6871075,7,173,330.334099927873,"7/7/2019","T5-11",42.91889483,-92.68726002,4751855.705,525524.432,112.5
"248","T5",4751833.976,525536.961,42.91869874,-92.6871075,6,240,330.334099927873,"7/7/2019","T5-11",42.91889483,-92.68726002,4751855.705,525524.432,95
"249","T5",4751833.976,525536.961,42.91869874,-92.6871075,5,289,330.334099927873,"7/7/2019","T5-11",42.91889483,-92.68726002,4751855.705,525524.432,130
"250","T5",4751833.976,525536.961,42.91869874,-92.6871075,4,346,330.334099927873,"7/7/2019","T5-11",42.91889483,-92.68726002,4751855.705,525524.432,117
"251","T2",4752058.259,525528.872,42.92071869,-92.68719639,1,108,351.615953519313,"7/7/2019","T2-11",42.92093905,-92.68724074,4752082.715,525525.161,99
"252","T2",4752058.259,525528.872,42.92071869,-92.68719639,2,169,351.615953519313,"7/7/2019","T2-11",42.92093905,-92.68724074,4752082.715,525525.161,106
"253","T2",4752058.259,525528.872,42.92071869,-92.68719639,3,230,351.615953519313,"7/7/2019","T2-11",42.92093905,-92.68724074,4752082.715,525525.161,105
"254","T2",4752058.259,525528.872,42.92071869,-92.68719639,4,288,351.615953519313,"7/7/2019","T2-11",42.92093905,-92.68724074,4752082.715,525525.161,89
"255","T5",4751833.976,525536.961,42.91869874,-92.6871075,3,39,357.506207701573,"7/7/2019","T2-11",42.92093905,-92.68724074,4752082.715,525525.161,74
"256","T5",4751833.976,525536.961,42.91869874,-92.6871075,2,97,357.506207701573,"7/7/2019","T2-11",42.92093905,-92.68724074,4752082.715,525525.161,68
"257","T5",4751833.976,525536.961,42.91869874,-92.6871075,5,289,357.506207701573,"7/7/2019","T2-11",42.92093905,-92.68724074,4752082.715,525525.161,66
"258","T5",4751833.976,525536.961,42.91869874,-92.6871075,4,346,357.506207701573,"7/7/2019","T2-11",42.92093905,-92.68724074,4752082.715,525525.161,68
"259","T7",4751587.388,525295.045,42.91648625,-92.69008267,1,134,83.2129724097387,"7/6/2019","T8-09",42.91673244,-92.68725765,4751615.58,525525.518,72
"260","T8",4751595.309,525539.333,42.91654944,-92.68708931,3,0,326.032794646484,"7/6/2019","T8-09",42.91673244,-92.68725765,4751615.58,525525.518,133
"261","T8",4751595.309,525539.333,42.91654944,-92.68708931,2,56,326.032794646484,"7/6/2019","T8-09",42.91673244,-92.68725765,4751615.58,525525.518,121
"262","T8",4751595.309,525539.333,42.91654944,-92.68708931,1,110,326.032794646484,"7/6/2019","T8-09",42.91673244,-92.68725765,4751615.58,525525.518,114
"263","T8",4751595.309,525539.333,42.91654944,-92.68708931,4,300,326.032794646484,"7/6/2019","T8-09",42.91673244,-92.68725765,4751615.58,525525.518,80.5
"264","T2",4752058.259,525528.872,42.92071869,-92.68719639,1,108,182.128301671798,"7/7/2019","T2-01",42.92050154,-92.68720741,4752034.141,525528.062,111
"265","T2",4752058.259,525528.872,42.92071869,-92.68719639,2,169,182.128301671798,"7/7/2019","T2-01",42.92050154,-92.68720741,4752034.141,525528.062,110
"266","T2",4752058.259,525528.872,42.92071869,-92.68719639,3,230,182.128301671798,"7/7/2019","T2-01",42.92050154,-92.68720741,4752034.141,525528.062,86
"267","T2",4752058.259,525528.872,42.92071869,-92.68719639,4,288,182.128301671798,"7/7/2019","T2-01",42.92050154,-92.68720741,4752034.141,525528.062,102
"268","T5",4751833.976,525536.961,42.91869874,-92.6871075,3,39,357.676009354429,"7/7/2019","T2-01",42.92050154,-92.68720741,4752034.141,525528.062,71.5
"269","T5",4751833.976,525536.961,42.91869874,-92.6871075,2,97,357.676009354429,"7/7/2019","T2-01",42.92050154,-92.68720741,4752034.141,525528.062,68
"270","T5",4751833.976,525536.961,42.91869874,-92.6871075,5,289,357.676009354429,"7/7/2019","T2-01",42.92050154,-92.68720741,4752034.141,525528.062,64
"271","T5",4751833.976,525536.961,42.91869874,-92.6871075,4,346,357.676009354429,"7/7/2019","T2-01",42.92050154,-92.68720741,4752034.141,525528.062,67
"272","T5",4751833.976,525536.961,42.91869874,-92.6871075,3,39,196.418065535917,"7/7/2019","T5-01",42.91849124,-92.68719099,4751810.909,525530.232,104.5
"273","T5",4751833.976,525536.961,42.91869874,-92.6871075,2,97,196.418065535917,"7/7/2019","T5-01",42.91849124,-92.68719099,4751810.909,525530.232,125
"274","T5",4751833.976,525536.961,42.91869874,-92.6871075,8,115,196.418065535917,"7/7/2019","T5-01",42.91849124,-92.68719099,4751810.909,525530.232,121
"275","T5",4751833.976,525536.961,42.91869874,-92.6871075,1,159,196.418065535917,"7/7/2019","T5-01",42.91849124,-92.68719099,4751810.909,525530.232,141
"276","T5",4751833.976,525536.961,42.91869874,-92.6871075,7,173,196.418065535917,"7/7/2019","T5-01",42.91849124,-92.68719099,4751810.909,525530.232,123
"277","T5",4751833.976,525536.961,42.91869874,-92.6871075,6,240,196.418065535917,"7/7/2019","T5-01",42.91849124,-92.68719099,4751810.909,525530.232,121
"278","T5",4751833.976,525536.961,42.91869874,-92.6871075,5,289,196.418065535917,"7/7/2019","T5-01",42.91849124,-92.68719099,4751810.909,525530.232,137
"279","T5",4751833.976,525536.961,42.91869874,-92.6871075,4,346,196.418065535917,"7/7/2019","T5-01",42.91849124,-92.68719099,4751810.909,525530.232,130
"280","T2",4752058.259,525528.872,42.92071869,-92.68719639,1,108,3.58957226011563,"7/7/2019","T2-10",42.92093885,-92.68717753,4752082.712,525530.32,70
"281","T2",4752058.259,525528.872,42.92071869,-92.68719639,2,169,3.58957226011563,"7/7/2019","T2-10",42.92093885,-92.68717753,4752082.712,525530.32,112
"282","T2",4752058.259,525528.872,42.92071869,-92.68719639,3,230,3.58957226011563,"7/7/2019","T2-10",42.92093885,-92.68717753,4752082.712,525530.32,117
"283","T2",4752058.259,525528.872,42.92071869,-92.68719639,4,288,3.58957226011563,"7/7/2019","T2-10",42.92093885,-92.68717753,4752082.712,525530.32,104
"284","T7",4751587.388,525295.045,42.91648625,-92.69008267,1,134,82.584935662175,"7/6/2019","T8-08",42.91676555,-92.68715186,4751619.288,525534.138,68
"285","T8",4751595.309,525539.333,42.91654944,-92.68708931,3,0,348.032347144318,"7/6/2019","T8-08",42.91676555,-92.68715186,4751619.288,525534.138,137
"286","T8",4751595.309,525539.333,42.91654944,-92.68708931,2,56,348.032347144318,"7/6/2019","T8-08",42.91676555,-92.68715186,4751619.288,525534.138,117.5
"287","T8",4751595.309,525539.333,42.91654944,-92.68708931,1,110,348.032347144318,"7/6/2019","T8-08",42.91676555,-92.68715186,4751619.288,525534.138,114
"288","T8",4751595.309,525539.333,42.91654944,-92.68708931,4,300,348.032347144318,"7/6/2019","T8-08",42.91676555,-92.68715186,4751619.288,525534.138,69
"289","T5",4751833.976,525536.961,42.91869874,-92.6871075,3,39,354.802196287881,"7/7/2019","T5-10",42.91891666,-92.68713457,4751858.168,525534.661,127
"290","T5",4751833.976,525536.961,42.91869874,-92.6871075,2,97,354.802196287881,"7/7/2019","T5-10",42.91891666,-92.68713457,4751858.168,525534.661,126
"291","T5",4751833.976,525536.961,42.91869874,-92.6871075,8,115,354.802196287881,"7/7/2019","T5-10",42.91891666,-92.68713457,4751858.168,525534.661,118
"292","T5",4751833.976,525536.961,42.91869874,-92.6871075,1,159,354.802196287881,"7/7/2019","T5-10",42.91891666,-92.68713457,4751858.168,525534.661,95
"293","T5",4751833.976,525536.961,42.91869874,-92.6871075,7,173,354.802196287881,"7/7/2019","T5-10",42.91891666,-92.68713457,4751858.168,525534.661,107
"294","T5",4751833.976,525536.961,42.91869874,-92.6871075,6,240,354.802196287881,"7/7/2019","T5-10",42.91891666,-92.68713457,4751858.168,525534.661,103
"295","T5",4751833.976,525536.961,42.91869874,-92.6871075,5,289,354.802196287881,"7/7/2019","T5-10",42.91891666,-92.68713457,4751858.168,525534.661,118
"296","T5",4751833.976,525536.961,42.91869874,-92.6871075,4,346,354.802196287881,"7/7/2019","T5-10",42.91891666,-92.68713457,4751858.168,525534.661,117
"297","T2",4752058.259,525528.872,42.92071869,-92.68719639,1,108,16.4792631008576,"7/7/2019","T2-09",42.92093064,-92.68711077,4752081.821,525535.772,109
"298","T2",4752058.259,525528.872,42.92071869,-92.68719639,2,169,16.4792631008576,"7/7/2019","T2-09",42.92093064,-92.68711077,4752081.821,525535.772,113
"299","T2",4752058.259,525528.872,42.92071869,-92.68719639,3,230,16.4792631008576,"7/7/2019","T2-09",42.92093064,-92.68711077,4752081.821,525535.772,115
"300","T2",4752058.259,525528.872,42.92071869,-92.68719639,4,288,16.4792631008576,"7/7/2019","T2-09",42.92093064,-92.68711077,4752081.821,525535.772,109
"301","T2",4752058.259,525528.872,42.92071869,-92.68719639,1,108,162.834318538766,"7/7/2019","T2-02",42.92051251,-92.68710942,4752035.389,525536.055,137
"302","T2",4752058.259,525528.872,42.92071869,-92.68719639,2,169,162.834318538766,"7/7/2019","T2-02",42.92051251,-92.68710942,4752035.389,525536.055,128
"303","T2",4752058.259,525528.872,42.92071869,-92.68719639,3,230,162.834318538766,"7/7/2019","T2-02",42.92051251,-92.68710942,4752035.389,525536.055,105
"304","T2",4752058.259,525528.872,42.92071869,-92.68719639,4,288,162.834318538766,"7/7/2019","T2-02",42.92051251,-92.68710942,4752035.389,525536.055,114
"305","T5",4751833.976,525536.961,42.91869874,-92.6871075,3,39,172.683386680832,"7/7/2019","T5-02",42.91848537,-92.68707009,4751810.294,525540.102,114
"306","T5",4751833.976,525536.961,42.91869874,-92.6871075,2,97,172.683386680832,"7/7/2019","T5-02",42.91848537,-92.68707009,4751810.294,525540.102,132
"307","T5",4751833.976,525536.961,42.91869874,-92.6871075,8,115,172.683386680832,"7/7/2019","T5-02",42.91848537,-92.68707009,4751810.294,525540.102,126
"308","T5",4751833.976,525536.961,42.91869874,-92.6871075,1,159,172.683386680832,"7/7/2019","T5-02",42.91848537,-92.68707009,4751810.294,525540.102,144
"309","T5",4751833.976,525536.961,42.91869874,-92.6871075,7,173,172.683386680832,"7/7/2019","T5-02",42.91848537,-92.68707009,4751810.294,525540.102,127
"310","T5",4751833.976,525536.961,42.91869874,-92.6871075,6,240,172.683386680832,"7/7/2019","T5-02",42.91848537,-92.68707009,4751810.294,525540.102,123
"311","T5",4751833.976,525536.961,42.91869874,-92.6871075,5,289,172.683386680832,"7/7/2019","T5-02",42.91848537,-92.68707009,4751810.294,525540.102,131
"312","T5",4751833.976,525536.961,42.91869874,-92.6871075,4,346,172.683386680832,"7/7/2019","T5-02",42.91848537,-92.68707009,4751810.294,525540.102,125
"313","T8",4751595.309,525539.333,42.91654944,-92.68708931,3,0,5.76666011780767,"7/6/2019","T8-07",42.91676605,-92.68705944,4751619.372,525541.681,135
"314","T8",4751595.309,525539.333,42.91654944,-92.68708931,2,56,5.76666011780767,"7/6/2019","T8-07",42.91676605,-92.68705944,4751619.372,525541.681,116.5
"315","T8",4751595.309,525539.333,42.91654944,-92.68708931,1,110,5.76666011780767,"7/6/2019","T8-07",42.91676605,-92.68705944,4751619.372,525541.681,116
"316","T8",4751595.309,525539.333,42.91654944,-92.68708931,4,300,5.76666011780767,"7/6/2019","T8-07",42.91676605,-92.68705944,4751619.372,525541.681,92
"317","T7",4751587.388,525295.045,42.91648625,-92.69008267,1,134,82.7964071467495,"7/6/2019","T8-07",42.91676605,-92.68705944,4751619.372,525541.681,65.5
"318","T5",4751833.976,525536.961,42.91869874,-92.6871075,3,39,13.2721306662876,"7/7/2019","T5-09",42.91891023,-92.68703938,4751857.482,525542.433,123
"319","T5",4751833.976,525536.961,42.91869874,-92.6871075,2,97,13.2721306662876,"7/7/2019","T5-09",42.91891023,-92.68703938,4751857.482,525542.433,126
"320","T5",4751833.976,525536.961,42.91869874,-92.6871075,8,115,13.2721306662876,"7/7/2019","T5-09",42.91891023,-92.68703938,4751857.482,525542.433,109.5
"321","T5",4751833.976,525536.961,42.91869874,-92.6871075,1,159,13.2721306662876,"7/7/2019","T5-09",42.91891023,-92.68703938,4751857.482,525542.433,111
"322","T5",4751833.976,525536.961,42.91869874,-92.6871075,7,173,13.2721306662876,"7/7/2019","T5-09",42.91891023,-92.68703938,4751857.482,525542.433,113
"323","T5",4751833.976,525536.961,42.91869874,-92.6871075,6,240,13.2721306662876,"7/7/2019","T5-09",42.91891023,-92.68703938,4751857.482,525542.433,103
"324","T5",4751833.976,525536.961,42.91869874,-92.6871075,5,289,13.2721306662876,"7/7/2019","T5-09",42.91891023,-92.68703938,4751857.482,525542.433,122
"325","T5",4751833.976,525536.961,42.91869874,-92.6871075,4,346,13.2721306662876,"7/7/2019","T5-09",42.91891023,-92.68703938,4751857.482,525542.433,121
"326","T2",4752058.259,525528.872,42.92071869,-92.68719639,1,108,144.633423035222,"7/7/2019","T2-03",42.92054077,-92.68702394,4752038.553,525543.02,140
"327","T2",4752058.259,525528.872,42.92071869,-92.68719639,2,169,144.633423035222,"7/7/2019","T2-03",42.92054077,-92.68702394,4752038.553,525543.02,119
"328","T2",4752058.259,525528.872,42.92071869,-92.68719639,3,230,144.633423035222,"7/7/2019","T2-03",42.92054077,-92.68702394,4752038.553,525543.02,100
"329","T2",4752058.259,525528.872,42.92071869,-92.68719639,4,288,144.633423035222,"7/7/2019","T2-03",42.92054077,-92.68702394,4752038.553,525543.02,114
"330","T2",4752058.259,525528.872,42.92071869,-92.68719639,1,108,38.2118555069952,"7/7/2019","T2-08",42.92088683,-92.68701563,4752076.985,525543.555,128
"331","T2",4752058.259,525528.872,42.92071869,-92.68719639,2,169,38.2118555069952,"7/7/2019","T2-08",42.92088683,-92.68701563,4752076.985,525543.555,113.5
"332","T2",4752058.259,525528.872,42.92071869,-92.68719639,3,230,38.2118555069952,"7/7/2019","T2-08",42.92088683,-92.68701563,4752076.985,525543.555,105
"333","T2",4752058.259,525528.872,42.92071869,-92.68719639,4,288,38.2118555069952,"7/7/2019","T2-08",42.92088683,-92.68701563,4752076.985,525543.555,113
"334","T5",4751833.976,525536.961,42.91869874,-92.6871075,3,39,152.838509871553,"7/7/2019","T5-03",42.91851025,-92.68697544,4751813.085,525547.817,105
"335","T5",4751833.976,525536.961,42.91869874,-92.6871075,2,97,152.838509871553,"7/7/2019","T5-03",42.91851025,-92.68697544,4751813.085,525547.817,129
"336","T5",4751833.976,525536.961,42.91869874,-92.6871075,8,115,152.838509871553,"7/7/2019","T5-03",42.91851025,-92.68697544,4751813.085,525547.817,117
"337","T5",4751833.976,525536.961,42.91869874,-92.6871075,1,159,152.838509871553,"7/7/2019","T5-03",42.91851025,-92.68697544,4751813.085,525547.817,141
"338","T5",4751833.976,525536.961,42.91869874,-92.6871075,7,173,152.838509871553,"7/7/2019","T5-03",42.91851025,-92.68697544,4751813.085,525547.817,124
"339","T5",4751833.976,525536.961,42.91869874,-92.6871075,6,240,152.838509871553,"7/7/2019","T5-03",42.91851025,-92.68697544,4751813.085,525547.817,118
"340","T5",4751833.976,525536.961,42.91869874,-92.6871075,5,289,152.838509871553,"7/7/2019","T5-03",42.91851025,-92.68697544,4751813.085,525547.817,112.5
"341","T5",4751833.976,525536.961,42.91869874,-92.6871075,4,346,152.838509871553,"7/7/2019","T5-03",42.91851025,-92.68697544,4751813.085,525547.817,114
"342","T2",4752058.259,525528.872,42.92071869,-92.68719639,1,108,121.948398942651,"7/7/2019","T2-04",42.9206029,-92.68694284,4752045.478,525549.613,140
"343","T2",4752058.259,525528.872,42.92071869,-92.68719639,2,169,121.948398942651,"7/7/2019","T2-04",42.9206029,-92.68694284,4752045.478,525549.613,107
"344","T2",4752058.259,525528.872,42.92071869,-92.68719639,3,230,121.948398942651,"7/7/2019","T2-04",42.9206029,-92.68694284,4752045.478,525549.613,95
"345","T2",4752058.259,525528.872,42.92071869,-92.68719639,4,288,121.948398942651,"7/7/2019","T2-04",42.9206029,-92.68694284,4752045.478,525549.613,108
"346","T8",4751595.309,525539.333,42.91654944,-92.68708931,3,0,26.1157027800095,"7/6/2019","T8-06",42.91674539,-92.68695814,4751617.109,525549.958,133
"347","T8",4751595.309,525539.333,42.91654944,-92.68708931,2,56,26.1157027800095,"7/6/2019","T8-06",42.91674539,-92.68695814,4751617.109,525549.958,127
"348","T8",4751595.309,525539.333,42.91654944,-92.68708931,1,110,26.1157027800095,"7/6/2019","T8-06",42.91674539,-92.68695814,4751617.109,525549.958,126
"349","T8",4751595.309,525539.333,42.91654944,-92.68708931,4,300,26.1157027800095,"7/6/2019","T8-06",42.91674539,-92.68695814,4751617.109,525549.958,113
"350","T7",4751587.388,525295.045,42.91648625,-92.69008267,1,134,83.5377838587328,"7/6/2019","T8-06",42.91674539,-92.68695814,4751617.109,525549.958,67
"351","T2",4752058.259,525528.872,42.92071869,-92.68719639,1,108,59.5355162308451,"7/7/2019","T2-07",42.92083064,-92.68693649,4752070.769,525550.037,136
"352","T2",4752058.259,525528.872,42.92071869,-92.68719639,2,169,59.5355162308451,"7/7/2019","T2-07",42.92083064,-92.68693649,4752070.769,525550.037,113
"353","T2",4752058.259,525528.872,42.92071869,-92.68719639,3,230,59.5355162308451,"7/7/2019","T2-07",42.92083064,-92.68693649,4752070.769,525550.037,79
"354","T2",4752058.259,525528.872,42.92071869,-92.68719639,4,288,59.5355162308451,"7/7/2019","T2-07",42.92083064,-92.68693649,4752070.769,525550.037,112
"355","T5",4751833.976,525536.961,42.91869874,-92.6871075,3,39,36.1603228648092,"7/7/2019","T5-08",42.91887057,-92.68693602,4751853.11,525550.885,125
"356","T5",4751833.976,525536.961,42.91869874,-92.6871075,2,97,36.1603228648092,"7/7/2019","T5-08",42.91887057,-92.68693602,4751853.11,525550.885,124
"357","T5",4751833.976,525536.961,42.91869874,-92.6871075,8,115,36.1603228648092,"7/7/2019","T5-08",42.91887057,-92.68693602,4751853.11,525550.885,100
"358","T5",4751833.976,525536.961,42.91869874,-92.6871075,1,159,36.1603228648092,"7/7/2019","T5-08",42.91887057,-92.68693602,4751853.11,525550.885,119
"359","T5",4751833.976,525536.961,42.91869874,-92.6871075,7,173,36.1603228648092,"7/7/2019","T5-08",42.91887057,-92.68693602,4751853.11,525550.885,117
"360","T5",4751833.976,525536.961,42.91869874,-92.6871075,6,240,36.1603228648092,"7/7/2019","T5-08",42.91887057,-92.68693602,4751853.11,525550.885,104
"361","T5",4751833.976,525536.961,42.91869874,-92.6871075,5,289,36.1603228648092,"7/7/2019","T5-08",42.91887057,-92.68693602,4751853.11,525550.885,114
"362","T5",4751833.976,525536.961,42.91869874,-92.6871075,4,346,36.1603228648092,"7/7/2019","T5-08",42.91887057,-92.68693602,4751853.11,525550.885,121
"363","T2",4752058.259,525528.872,42.92071869,-92.68719639,1,108,100.905080012496,"7/7/2019","T2-05",42.92067759,-92.68690508,4752053.783,525552.664,145
"364","T2",4752058.259,525528.872,42.92071869,-92.68719639,2,169,100.905080012496,"7/7/2019","T2-05",42.92067759,-92.68690508,4752053.783,525552.664,89
"365","T2",4752058.259,525528.872,42.92071869,-92.68719639,3,230,100.905080012496,"7/7/2019","T2-05",42.92067759,-92.68690508,4752053.783,525552.664,102
"366","T2",4752058.259,525528.872,42.92071869,-92.68719639,4,288,100.905080012496,"7/7/2019","T2-05",42.92067759,-92.68690508,4752053.783,525552.664,108
"367","T2",4752058.259,525528.872,42.92071869,-92.68719639,1,108,79.6736623078153,"7/7/2019","T2-06",42.92075847,-92.68689825,4752062.767,525553.188,141
"368","T2",4752058.259,525528.872,42.92071869,-92.68719639,2,169,79.6736623078153,"7/7/2019","T2-06",42.92075847,-92.68689825,4752062.767,525553.188,106
"369","T2",4752058.259,525528.872,42.92071869,-92.68719639,3,230,79.6736623078153,"7/7/2019","T2-06",42.92075847,-92.68689825,4752062.767,525553.188,98
"370","T2",4752058.259,525528.872,42.92071869,-92.68719639,4,288,79.6736623078153,"7/7/2019","T2-06",42.92075847,-92.68689825,4752062.767,525553.188,111
"371","T5",4751833.976,525536.961,42.91869874,-92.6871075,3,39,132.140919952255,"7/7/2019","T5-04",42.91855611,-92.68689226,4751818.203,525554.587,88
"372","T5",4751833.976,525536.961,42.91869874,-92.6871075,2,97,132.140919952255,"7/7/2019","T5-04",42.91855611,-92.68689226,4751818.203,525554.587,125
"373","T5",4751833.976,525536.961,42.91869874,-92.6871075,8,115,132.140919952255,"7/7/2019","T5-04",42.91855611,-92.68689226,4751818.203,525554.587,104
"374","T5",4751833.976,525536.961,42.91869874,-92.6871075,1,159,132.140919952255,"7/7/2019","T5-04",42.91855611,-92.68689226,4751818.203,525554.587,140.5
"375","T5",4751833.976,525536.961,42.91869874,-92.6871075,7,173,132.140919952255,"7/7/2019","T5-04",42.91855611,-92.68689226,4751818.203,525554.587,125
"376","T5",4751833.976,525536.961,42.91869874,-92.6871075,6,240,132.140919952255,"7/7/2019","T5-04",42.91855611,-92.68689226,4751818.203,525554.587,110
"377","T5",4751833.976,525536.961,42.91869874,-92.6871075,5,289,132.140919952255,"7/7/2019","T5-04",42.91855611,-92.68689226,4751818.203,525554.587,116
"378","T5",4751833.976,525536.961,42.91869874,-92.6871075,4,346,132.140919952255,"7/7/2019","T5-04",42.91855611,-92.68689226,4751818.203,525554.587,111
"379","T8",4751595.309,525539.333,42.91654944,-92.68708931,3,0,42.540158331883,"7/6/2019","T8-05",42.91670814,-92.68689046,4751612.993,525555.497,113
"380","T8",4751595.309,525539.333,42.91654944,-92.68708931,2,56,42.540158331883,"7/6/2019","T8-05",42.91670814,-92.68689046,4751612.993,525555.497,121
"381","T8",4751595.309,525539.333,42.91654944,-92.68708931,1,110,42.540158331883,"7/6/2019","T8-05",42.91670814,-92.68689046,4751612.993,525555.497,114
"382","T8",4751595.309,525539.333,42.91654944,-92.68708931,4,300,42.540158331883,"7/6/2019","T8-05",42.91670814,-92.68689046,4751612.993,525555.497,108
"383","T8",4751595.309,525539.333,42.91654944,-92.68708931,3,0,126.664930008288,"7/6/2019","T8-01",42.91644156,-92.68689143,4751583.39,525555.528,123
"384","T8",4751595.309,525539.333,42.91654944,-92.68708931,2,56,126.664930008288,"7/6/2019","T8-01",42.91644156,-92.68689143,4751583.39,525555.528,128
"385","T8",4751595.309,525539.333,42.91654944,-92.68708931,1,110,126.664930008288,"7/6/2019","T8-01",42.91644156,-92.68689143,4751583.39,525555.528,133
"386","T8",4751595.309,525539.333,42.91654944,-92.68708931,4,300,126.664930008288,"7/6/2019","T8-01",42.91644156,-92.68689143,4751583.39,525555.528,104.5
"387","T8",4751595.309,525539.333,42.91654944,-92.68708931,3,0,61.6976247290853,"7/6/2019","T8-04",42.91663301,-92.6868774,4751604.654,525556.594,107
"388","T8",4751595.309,525539.333,42.91654944,-92.68708931,2,56,61.6976247290853,"7/6/2019","T8-04",42.91663301,-92.6868774,4751604.654,525556.594,120
"389","T8",4751595.309,525539.333,42.91654944,-92.68708931,1,110,61.6976247290853,"7/6/2019","T8-04",42.91663301,-92.6868774,4751604.654,525556.594,117.5
"390","T8",4751595.309,525539.333,42.91654944,-92.68708931,4,300,61.6976247290853,"7/6/2019","T8-04",42.91663301,-92.6868774,4751604.654,525556.594,109
"391","T8",4751595.309,525539.333,42.91654944,-92.68708931,3,0,81.3664584011186,"7/6/2019","T8-03",42.91657313,-92.68687626,4751598.005,525556.712,122
"392","T8",4751595.309,525539.333,42.91654944,-92.68708931,2,56,81.3664584011186,"7/6/2019","T8-03",42.91657313,-92.68687626,4751598.005,525556.712,131.5
"393","T8",4751595.309,525539.333,42.91654944,-92.68708931,1,110,81.3664584011186,"7/6/2019","T8-03",42.91657313,-92.68687626,4751598.005,525556.712,125
"394","T8",4751595.309,525539.333,42.91654944,-92.68708931,4,300,81.3664584011186,"7/6/2019","T8-03",42.91657313,-92.68687626,4751598.005,525556.712,116
"395","T8",4751595.309,525539.333,42.91654944,-92.68708931,3,0,103.217511015466,"7/6/2019","T8-02",42.91651251,-92.68687461,4751591.273,525556.872,120.5
"396","T8",4751595.309,525539.333,42.91654944,-92.68708931,2,56,103.217511015466,"7/6/2019","T8-02",42.91651251,-92.68687461,4751591.273,525556.872,129
"397","T8",4751595.309,525539.333,42.91654944,-92.68708931,1,110,103.217511015466,"7/6/2019","T8-02",42.91651251,-92.68687461,4751591.273,525556.872,130
"398","T8",4751595.309,525539.333,42.91654944,-92.68708931,4,300,103.217511015466,"7/6/2019","T8-02",42.91651251,-92.68687461,4751591.273,525556.872,110
"399","T5",4751833.976,525536.961,42.91869874,-92.6871075,3,39,63.3442164288518,"7/7/2019","T5-07",42.91879766,-92.68683841,4751845.043,525558.882,129
"400","T5",4751833.976,525536.961,42.91869874,-92.6871075,2,97,63.3442164288518,"7/7/2019","T5-07",42.91879766,-92.68683841,4751845.043,525558.882,119.5
"401","T5",4751833.976,525536.961,42.91869874,-92.6871075,8,115,63.3442164288518,"7/7/2019","T5-07",42.91879766,-92.68683841,4751845.043,525558.882,94
"402","T5",4751833.976,525536.961,42.91869874,-92.6871075,1,159,63.3442164288518,"7/7/2019","T5-07",42.91879766,-92.68683841,4751845.043,525558.882,127
"403","T5",4751833.976,525536.961,42.91869874,-92.6871075,7,173,63.3442164288518,"7/7/2019","T5-07",42.91879766,-92.68683841,4751845.043,525558.882,118
"404","T5",4751833.976,525536.961,42.91869874,-92.6871075,6,240,63.3442164288518,"7/7/2019","T5-07",42.91879766,-92.68683841,4751845.043,525558.882,109
"405","T5",4751833.976,525536.961,42.91869874,-92.6871075,5,289,63.3442164288518,"7/7/2019","T5-07",42.91879766,-92.68683841,4751845.043,525558.882,108
"406","T5",4751833.976,525536.961,42.91869874,-92.6871075,4,346,63.3442164288518,"7/7/2019","T5-07",42.91879766,-92.68683841,4751845.043,525558.882,109
"407","T5",4751833.976,525536.961,42.91869874,-92.6871075,3,39,101.09599935503,"7/7/2019","T5-05",42.91865833,-92.68682614,4751829.575,525559.941,119
"408","T5",4751833.976,525536.961,42.91869874,-92.6871075,2,97,101.09599935503,"7/7/2019","T5-05",42.91865833,-92.68682614,4751829.575,525559.941,112
"409","T5",4751833.976,525536.961,42.91869874,-92.6871075,8,115,101.09599935503,"7/7/2019","T5-05",42.91865833,-92.68682614,4751829.575,525559.941,91
"410","T5",4751833.976,525536.961,42.91869874,-92.6871075,1,159,101.09599935503,"7/7/2019","T5-05",42.91865833,-92.68682614,4751829.575,525559.941,136
"411","T5",4751833.976,525536.961,42.91869874,-92.6871075,7,173,101.09599935503,"7/7/2019","T5-05",42.91865833,-92.68682614,4751829.575,525559.941,124
"412","T5",4751833.976,525536.961,42.91869874,-92.6871075,6,240,101.09599935503,"7/7/2019","T5-05",42.91865833,-92.68682614,4751829.575,525559.941,94
"413","T5",4751833.976,525536.961,42.91869874,-92.6871075,5,289,101.09599935503,"7/7/2019","T5-05",42.91865833,-92.68682614,4751829.575,525559.941,118
"414","T5",4751833.976,525536.961,42.91869874,-92.6871075,4,346,101.09599935503,"7/7/2019","T5-05",42.91865833,-92.68682614,4751829.575,525559.941,91
"415","T5",4751833.976,525536.961,42.91869874,-92.6871075,3,39,80.1371076547407,"7/7/2019","T5-06",42.91873564,-92.68681768,4751838.162,525560.599,128
"416","T5",4751833.976,525536.961,42.91869874,-92.6871075,2,97,80.1371076547407,"7/7/2019","T5-06",42.91873564,-92.68681768,4751838.162,525560.599,115
"417","T5",4751833.976,525536.961,42.91869874,-92.6871075,8,115,80.1371076547407,"7/7/2019","T5-06",42.91873564,-92.68681768,4751838.162,525560.599,90
"418","T5",4751833.976,525536.961,42.91869874,-92.6871075,1,159,80.1371076547407,"7/7/2019","T5-06",42.91873564,-92.68681768,4751838.162,525560.599,134
"419","T5",4751833.976,525536.961,42.91869874,-92.6871075,7,173,80.1371076547407,"7/7/2019","T5-06",42.91873564,-92.68681768,4751838.162,525560.599,121
"420","T5",4751833.976,525536.961,42.91869874,-92.6871075,6,240,80.1371076547407,"7/7/2019","T5-06",42.91873564,-92.68681768,4751838.162,525560.599,105
"421","T5",4751833.976,525536.961,42.91869874,-92.6871075,5,289,80.1371076547407,"7/7/2019","T5-06",42.91873564,-92.68681768,4751838.162,525560.599,120
"422","T5",4751833.976,525536.961,42.91869874,-92.6871075,4,346,80.1371076547407,"7/7/2019","T5-06",42.91873564,-92.68681768,4751838.162,525560.599,81
"423","T3",4752050.3,525755.365,42.92063941,-92.68442159,4,120,264.673136402865,"7/5/2019","T3-11",42.92061919,-92.68471772,4752047.964,525731.205,107
"424","T3",4752050.3,525755.365,42.92063941,-92.68442159,3,190,264.673136402865,"7/5/2019","T3-11",42.92061919,-92.68471772,4752047.964,525731.205,98
"425","T3",4752050.3,525755.365,42.92063941,-92.68442159,2,240,264.673136402865,"7/5/2019","T3-11",42.92061919,-92.68471772,4752047.964,525731.205,107
"426","T3",4752050.3,525755.365,42.92063941,-92.68442159,1,301,264.673136402865,"7/5/2019","T3-11",42.92061919,-92.68471772,4752047.964,525731.205,133
"427","T3",4752050.3,525755.365,42.92063941,-92.68442159,4,120,284.621198953133,"7/5/2019","T3-12",42.92069487,-92.6847119,4752056.37,525731.649,92.5
"428","T3",4752050.3,525755.365,42.92063941,-92.68442159,3,190,284.621198953133,"7/5/2019","T3-12",42.92069487,-92.6847119,4752056.37,525731.649,109
"429","T3",4752050.3,525755.365,42.92063941,-92.68442159,2,240,284.621198953133,"7/5/2019","T3-12",42.92069487,-92.6847119,4752056.37,525731.649,110
"430","T3",4752050.3,525755.365,42.92063941,-92.68442159,1,301,284.621198953133,"7/5/2019","T3-12",42.92069487,-92.6847119,4752056.37,525731.649,139
"431","T6",4751834.521,525755.689,42.91869629,-92.68442754,4,117,262.601504241319,"7/7/2019","T6-09",42.91866871,-92.68471757,4751831.37,525732.029,102
"432","T6",4751834.521,525755.689,42.91869629,-92.68442754,3,238,262.601504241319,"7/7/2019","T6-09",42.91866871,-92.68471757,4751831.37,525732.029,119
"433","T6",4751834.521,525755.689,42.91869629,-92.68442754,2,289,262.601504241319,"7/7/2019","T6-09",42.91866871,-92.68471757,4751831.37,525732.029,105
"434","T6",4751834.521,525755.689,42.91869629,-92.68442754,1,346,262.601504241319,"7/7/2019","T6-09",42.91866871,-92.68471757,4751831.37,525732.029,114
"435","T9",4751590.716,525762.766,42.91650056,-92.68435203,1,37,352.96154569967,"7/7/2019","T6-09",42.91866871,-92.68471757,4751831.37,525732.029,68
"436","T6",4751834.521,525755.689,42.91869629,-92.68442754,4,117,284.940706167819,"7/7/2019","T6-08",42.91875114,-92.68470823,4751840.526,525732.757,106
"437","T6",4751834.521,525755.689,42.91869629,-92.68442754,3,238,284.940706167819,"7/7/2019","T6-08",42.91875114,-92.68470823,4751840.526,525732.757,113
"438","T6",4751834.521,525755.689,42.91869629,-92.68442754,2,289,284.940706167819,"7/7/2019","T6-08",42.91875114,-92.68470823,4751840.526,525732.757,118
"439","T6",4751834.521,525755.689,42.91869629,-92.68442754,1,346,284.940706167819,"7/7/2019","T6-08",42.91875114,-92.68470823,4751840.526,525732.757,124
"440","T9",4751590.716,525762.766,42.91650056,-92.68435203,1,37,353.388661278448,"7/7/2019","T6-08",42.91875114,-92.68470823,4751840.526,525732.757,64
"441","T3",4752050.3,525755.365,42.92063941,-92.68442159,4,120,245.333157382588,"7/5/2019","T3-10",42.9205482,-92.6846928,4752040.089,525733.269,114.5
"442","T3",4752050.3,525755.365,42.92063941,-92.68442159,3,190,245.333157382588,"7/5/2019","T3-10",42.9205482,-92.6846928,4752040.089,525733.269,87
"443","T3",4752050.3,525755.365,42.92063941,-92.68442159,2,240,245.333157382588,"7/5/2019","T3-10",42.9205482,-92.6846928,4752040.089,525733.269,107
"444","T3",4752050.3,525755.365,42.92063941,-92.68442159,1,301,245.333157382588,"7/5/2019","T3-10",42.9205482,-92.6846928,4752040.089,525733.269,129
"445","T6",4751834.521,525755.689,42.91869629,-92.68442754,4,117,243.238779657756,"7/7/2019","T6-10",42.91860005,-92.68468814,4751823.755,525734.46,112.5
"446","T6",4751834.521,525755.689,42.91869629,-92.68442754,3,238,243.238779657756,"7/7/2019","T6-10",42.91860005,-92.68468814,4751823.755,525734.46,119
"447","T6",4751834.521,525755.689,42.91869629,-92.68442754,2,289,243.238779657756,"7/7/2019","T6-10",42.91860005,-92.68468814,4751823.755,525734.46,96
"448","T6",4751834.521,525755.689,42.91869629,-92.68442754,1,346,243.238779657756,"7/7/2019","T6-10",42.91860005,-92.68468814,4751823.755,525734.46,103.5
"449","T9",4751590.716,525762.766,42.91650056,-92.68435203,1,37,353.313264448881,"7/7/2019","T6-10",42.91860005,-92.68468814,4751823.755,525734.46,73
"450","T3",4752050.3,525755.365,42.92063941,-92.68442159,4,120,304.574493662352,"7/5/2019","T3-13",42.9207641,-92.68466865,4752064.071,525735.15,73
"451","T3",4752050.3,525755.365,42.92063941,-92.68442159,3,190,304.574493662352,"7/5/2019","T3-13",42.9207641,-92.68466865,4752064.071,525735.15,116
"452","T3",4752050.3,525755.365,42.92063941,-92.68442159,2,240,304.574493662352,"7/5/2019","T3-13",42.9207641,-92.68466865,4752064.071,525735.15,114.5
"453","T3",4752050.3,525755.365,42.92063941,-92.68442159,1,301,304.574493662352,"7/5/2019","T3-13",42.9207641,-92.68466865,4752064.071,525735.15,141
"454","T6",4751834.521,525755.689,42.91869629,-92.68442754,4,117,304.048422216246,"7/7/2019","T6-07",42.91881653,-92.68467052,4751847.799,525735.808,97
"455","T6",4751834.521,525755.689,42.91869629,-92.68442754,3,238,304.048422216246,"7/7/2019","T6-07",42.91881653,-92.68467052,4751847.799,525735.808,112
"456","T6",4751834.521,525755.689,42.91869629,-92.68442754,2,289,304.048422216246,"7/7/2019","T6-07",42.91881653,-92.68467052,4751847.799,525735.808,116
"457","T6",4751834.521,525755.689,42.91869629,-92.68442754,1,346,304.048422216246,"7/7/2019","T6-07",42.91881653,-92.68467052,4751847.799,525735.808,121
"458","T9",4751590.716,525762.766,42.91650056,-92.68435203,1,37,354.249255123533,"7/7/2019","T6-07",42.91881653,-92.68467052,4751847.799,525735.808,61
"459","T3",4752050.3,525755.365,42.92063941,-92.68442159,4,120,225.071980159883,"7/5/2019","T3-09",42.92048079,-92.68463874,4752032.62,525737.709,118
"460","T3",4752050.3,525755.365,42.92063941,-92.68442159,3,190,225.071980159883,"7/5/2019","T3-09",42.92048079,-92.68463874,4752032.62,525737.709,97
"461","T3",4752050.3,525755.365,42.92063941,-92.68442159,2,240,225.071980159883,"7/5/2019","T3-09",42.92048079,-92.68463874,4752032.62,525737.709,108
"462","T3",4752050.3,525755.365,42.92063941,-92.68442159,1,301,225.071980159883,"7/5/2019","T3-09",42.92048079,-92.68463874,4752032.62,525737.709,120
"463","T9",4751590.716,525762.766,42.91650056,-92.68435203,1,37,261.846464747299,"7/5/2019","T9-04",42.91646909,-92.68465195,4751587.129,525738.3,117
"464","T9",4751590.716,525762.766,42.91650056,-92.68435203,4,212,261.846464747299,"7/5/2019","T9-04",42.91646909,-92.68465195,4751587.129,525738.3,133.5
"465","T9",4751590.716,525762.766,42.91650056,-92.68435203,3,274,261.846464747299,"7/5/2019","T9-04",42.91646909,-92.68465195,4751587.129,525738.3,125
"466","T9",4751590.716,525762.766,42.91650056,-92.68435203,2,341,261.846464747299,"7/5/2019","T9-04",42.91646909,-92.68465195,4751587.129,525738.3,119
"467","T9",4751590.716,525762.766,42.91650056,-92.68435203,1,37,282.008097500461,"7/5/2019","T9-05",42.91654648,-92.68464682,4751595.725,525738.687,122
"468","T9",4751590.716,525762.766,42.91650056,-92.68435203,4,212,282.008097500461,"7/5/2019","T9-05",42.91654648,-92.68464682,4751595.725,525738.687,136
"469","T9",4751590.716,525762.766,42.91650056,-92.68435203,3,274,282.008097500461,"7/5/2019","T9-05",42.91654648,-92.68464682,4751595.725,525738.687,123
"470","T9",4751590.716,525762.766,42.91650056,-92.68435203,2,341,282.008097500461,"7/5/2019","T9-05",42.91654648,-92.68464682,4751595.725,525738.687,121
"471","T6",4751834.521,525755.689,42.91869629,-92.68442754,4,117,224.129567159863,"7/7/2019","T6-11",42.91854206,-92.68463184,4751817.332,525739.079,120
"472","T6",4751834.521,525755.689,42.91869629,-92.68442754,3,238,224.129567159863,"7/7/2019","T6-11",42.91854206,-92.68463184,4751817.332,525739.079,122
"473","T6",4751834.521,525755.689,42.91869629,-92.68442754,2,289,224.129567159863,"7/7/2019","T6-11",42.91854206,-92.68463184,4751817.332,525739.079,107.5
"474","T6",4751834.521,525755.689,42.91869629,-92.68442754,1,346,224.129567159863,"7/7/2019","T6-11",42.91854206,-92.68463184,4751817.332,525739.079,110
"475","T9",4751590.716,525762.766,42.91650056,-92.68435203,1,37,354.268257268764,"7/7/2019","T6-11",42.91854206,-92.68463184,4751817.332,525739.079,74
"476","T6",4751834.521,525755.689,42.91869629,-92.68442754,4,117,322.856037291558,"7/7/2019","T6-06",42.91887833,-92.68461584,4751854.679,525740.245,91
"477","T6",4751834.521,525755.689,42.91869629,-92.68442754,3,238,322.856037291558,"7/7/2019","T6-06",42.91887833,-92.68461584,4751854.679,525740.245,116
"478","T6",4751834.521,525755.689,42.91869629,-92.68442754,2,289,322.856037291558,"7/7/2019","T6-06",42.91887833,-92.68461584,4751854.679,525740.245,119
"479","T6",4751834.521,525755.689,42.91869629,-92.68442754,1,346,322.856037291558,"7/7/2019","T6-06",42.91887833,-92.68461584,4751854.679,525740.245,122
"480","T9",4751590.716,525762.766,42.91650056,-92.68435203,1,37,355.354942529061,"7/7/2019","T6-06",42.91887833,-92.68461584,4751854.679,525740.245,65
"481","T9",4751590.716,525762.766,42.91650056,-92.68435203,1,37,240.133448832118,"7/5/2019","T9-03",42.91638797,-92.68461975,4751578.131,525740.962,109
"482","T9",4751590.716,525762.766,42.91650056,-92.68435203,4,212,240.133448832118,"7/5/2019","T9-03",42.91638797,-92.68461975,4751578.131,525740.962,132.5
"483","T9",4751590.716,525762.766,42.91650056,-92.68435203,3,274,240.133448832118,"7/5/2019","T9-03",42.91638797,-92.68461975,4751578.131,525740.962,130
"484","T9",4751590.716,525762.766,42.91650056,-92.68435203,2,341,240.133448832118,"7/5/2019","T9-03",42.91638797,-92.68461975,4751578.131,525740.962,120
"485","T9",4751590.716,525762.766,42.91650056,-92.68435203,1,37,301.457275899573,"7/5/2019","T9-06",42.91661677,-92.68461141,4751603.541,525741.548,123
"486","T9",4751590.716,525762.766,42.91650056,-92.68435203,4,212,301.457275899573,"7/5/2019","T9-06",42.91661677,-92.68461141,4751603.541,525741.548,130
"487","T9",4751590.716,525762.766,42.91650056,-92.68435203,3,274,301.457275899573,"7/5/2019","T9-06",42.91661677,-92.68461141,4751603.541,525741.548,122
"488","T9",4751590.716,525762.766,42.91650056,-92.68435203,2,341,301.457275899573,"7/5/2019","T9-06",42.91661677,-92.68461141,4751603.541,525741.548,117
"489","T3",4752050.3,525755.365,42.92063941,-92.68442159,4,120,324.350017213692,"7/5/2019","T3-14",42.92080928,-92.68458797,4752069.113,525741.716,84.5
"490","T3",4752050.3,525755.365,42.92063941,-92.68442159,3,190,324.350017213692,"7/5/2019","T3-14",42.92080928,-92.68458797,4752069.113,525741.716,117
"491","T3",4752050.3,525755.365,42.92063941,-92.68442159,2,240,324.350017213692,"7/5/2019","T3-14",42.92080928,-92.68458797,4752069.113,525741.716,118
"492","T3",4752050.3,525755.365,42.92063941,-92.68442159,1,301,324.350017213692,"7/5/2019","T3-14",42.92080928,-92.68458797,4752069.113,525741.716,142
"493","T3",4752050.3,525755.365,42.92063941,-92.68442159,4,120,204.66944709405,"7/5/2019","T3-08",42.92043423,-92.68455028,4752027.476,525744.948,123
"494","T3",4752050.3,525755.365,42.92063941,-92.68442159,3,190,204.66944709405,"7/5/2019","T3-08",42.92043423,-92.68455028,4752027.476,525744.948,105
"495","T3",4752050.3,525755.365,42.92063941,-92.68442159,2,240,204.66944709405,"7/5/2019","T3-08",42.92043423,-92.68455028,4752027.476,525744.948,116
"496","T3",4752050.3,525755.365,42.92063941,-92.68442159,1,301,204.66944709405,"7/5/2019","T3-08",42.92043423,-92.68455028,4752027.476,525744.948,116.5
"497","T9",4751590.716,525762.766,42.91650056,-92.68435203,1,37,223.00386819633,"7/5/2019","T9-02",42.91633529,-92.6845625,4751572.298,525745.657,105
"498","T9",4751590.716,525762.766,42.91650056,-92.68435203,4,212,223.00386819633,"7/5/2019","T9-02",42.91633529,-92.6845625,4751572.298,525745.657,132
"499","T9",4751590.716,525762.766,42.91650056,-92.68435203,3,274,223.00386819633,"7/5/2019","T9-02",42.91633529,-92.6845625,4751572.298,525745.657,134
"500","T9",4751590.716,525762.766,42.91650056,-92.68435203,2,341,223.00386819633,"7/5/2019","T9-02",42.91633529,-92.6845625,4751572.298,525745.657,120
"501","T6",4751834.521,525755.689,42.91869629,-92.68442754,4,117,203.291447555521,"7/7/2019","T6-12",42.91849838,-92.68454388,4751812.508,525746.276,119
"502","T6",4751834.521,525755.689,42.91869629,-92.68442754,3,238,203.291447555521,"7/7/2019","T6-12",42.91849838,-92.68454388,4751812.508,525746.276,110
"503","T6",4751834.521,525755.689,42.91869629,-92.68442754,2,289,203.291447555521,"7/7/2019","T6-12",42.91849838,-92.68454388,4751812.508,525746.276,108
"504","T6",4751834.521,525755.689,42.91869629,-92.68442754,1,346,203.291447555521,"7/7/2019","T6-12",42.91849838,-92.68454388,4751812.508,525746.276,106
"505","T9",4751590.716,525762.766,42.91650056,-92.68435203,1,37,355.977311958979,"7/7/2019","T6-12",42.91849838,-92.68454388,4751812.508,525746.276,74
"506","T9",4751590.716,525762.766,42.91650056,-92.68435203,1,37,319.670405708644,"7/5/2019","T9-07",42.91667095,-92.68454955,4751609.576,525746.574,127
"507","T9",4751590.716,525762.766,42.91650056,-92.68435203,4,212,319.670405708644,"7/5/2019","T9-07",42.91667095,-92.68454955,4751609.576,525746.574,122.5
"508","T9",4751590.716,525762.766,42.91650056,-92.68435203,3,274,319.670405708644,"7/5/2019","T9-07",42.91667095,-92.68454955,4751609.576,525746.574,126
"509","T9",4751590.716,525762.766,42.91650056,-92.68435203,2,341,319.670405708644,"7/5/2019","T9-07",42.91667095,-92.68454955,4751609.576,525746.574,119
"510","T6",4751834.521,525755.689,42.91869629,-92.68442754,4,117,340.461073625038,"7/7/2019","T6-05",42.91890964,-92.68453093,4751858.181,525747.162,91
"511","T6",4751834.521,525755.689,42.91869629,-92.68442754,3,238,340.461073625038,"7/7/2019","T6-05",42.91890964,-92.68453093,4751858.181,525747.162,115
"512","T6",4751834.521,525755.689,42.91869629,-92.68442754,2,289,340.461073625038,"7/7/2019","T6-05",42.91890964,-92.68453093,4751858.181,525747.162,124
"513","T6",4751834.521,525755.689,42.91869629,-92.68442754,1,346,340.461073625038,"7/7/2019","T6-05",42.91890964,-92.68453093,4751858.181,525747.162,129
"514","T9",4751590.716,525762.766,42.91650056,-92.68435203,1,37,356.887180315764,"7/7/2019","T6-05",42.91890964,-92.68453093,4751858.181,525747.162,65
"515","T3",4752050.3,525755.365,42.92063941,-92.68442159,4,120,345.191141278783,"7/5/2019","T3-15",42.92083923,-92.68449373,4752072.468,525749.394,66
"516","T3",4752050.3,525755.365,42.92063941,-92.68442159,3,190,345.191141278783,"7/5/2019","T3-15",42.92083923,-92.68449373,4752072.468,525749.394,107
"517","T3",4752050.3,525755.365,42.92063941,-92.68442159,2,240,345.191141278783,"7/5/2019","T3-15",42.92083923,-92.68449373,4752072.468,525749.394,111.5
"518","T3",4752050.3,525755.365,42.92063941,-92.68442159,1,301,345.191141278783,"7/5/2019","T3-15",42.92083923,-92.68449373,4752072.468,525749.394,135
"519","T9",4751590.716,525762.766,42.91650056,-92.68435203,1,37,208.123682784404,"7/5/2019","T9-01",42.91630695,-92.68449333,4751569.173,525751.314,100
"520","T9",4751590.716,525762.766,42.91650056,-92.68435203,4,212,208.123682784404,"7/5/2019","T9-01",42.91630695,-92.68449333,4751569.173,525751.314,131.5
"521","T9",4751590.716,525762.766,42.91650056,-92.68435203,3,274,208.123682784404,"7/5/2019","T9-01",42.91630695,-92.68449333,4751569.173,525751.314,132
"522","T9",4751590.716,525762.766,42.91650056,-92.68435203,2,341,208.123682784404,"7/5/2019","T9-01",42.91630695,-92.68449333,4751569.173,525751.314,118
"523","T3",4752050.3,525755.365,42.92063941,-92.68442159,4,120,186.146672389021,"7/5/2019","T3-07",42.92041345,-92.68445482,4752025.198,525752.747,131.5
"524","T3",4752050.3,525755.365,42.92063941,-92.68442159,3,190,186.146672389021,"7/5/2019","T3-07",42.92041345,-92.68445482,4752025.198,525752.747,106.5
"525","T3",4752050.3,525755.365,42.92063941,-92.68442159,2,240,186.146672389021,"7/5/2019","T3-07",42.92041345,-92.68445482,4752025.198,525752.747,120
"526","T3",4752050.3,525755.365,42.92063941,-92.68442159,1,301,186.146672389021,"7/5/2019","T3-07",42.92041345,-92.68445482,4752025.198,525752.747,116.5
"527","T9",4751590.716,525762.766,42.91650056,-92.68435203,1,37,340.647292728546,"7/5/2019","T9-08",42.91670957,-92.68445227,4751613.895,525754.498,132.5
"528","T9",4751590.716,525762.766,42.91650056,-92.68435203,4,212,340.647292728546,"7/5/2019","T9-08",42.91670957,-92.68445227,4751613.895,525754.498,117
"529","T9",4751590.716,525762.766,42.91650056,-92.68435203,3,274,340.647292728546,"7/5/2019","T9-08",42.91670957,-92.68445227,4751613.895,525754.498,125.5
"530","T9",4751590.716,525762.766,42.91650056,-92.68435203,2,341,340.647292728546,"7/5/2019","T9-08",42.91670957,-92.68445227,4751613.895,525754.498,118.5
"531","T6",4751834.521,525755.689,42.91869629,-92.68442754,4,117,182.303004801151,"7/7/2019","T6-13",42.91848415,-92.68443919,4751810.96,525754.826,94.5
"532","T6",4751834.521,525755.689,42.91869629,-92.68442754,3,238,182.303004801151,"7/7/2019","T6-13",42.91848415,-92.68443919,4751810.96,525754.826,91
"533","T6",4751834.521,525755.689,42.91869629,-92.68442754,2,289,182.303004801151,"7/7/2019","T6-13",42.91848415,-92.68443919,4751810.96,525754.826,114
"534","T6",4751834.521,525755.689,42.91869629,-92.68442754,1,346,182.303004801151,"7/7/2019","T6-13",42.91848415,-92.68443919,4751810.96,525754.826,100
"535","T9",4751590.716,525762.766,42.91650056,-92.68435203,1,37,358.156933822347,"7/7/2019","T6-13",42.91848415,-92.68443919,4751810.96,525754.826,77
"536","T6",4751834.521,525755.689,42.91869629,-92.68442754,4,117,1.98430292028777,"7/7/2019","T6-04",42.9189233,-92.6844168,4751859.733,525756.471,93
"537","T6",4751834.521,525755.689,42.91869629,-92.68442754,3,238,1.98430292028777,"7/7/2019","T6-04",42.9189233,-92.6844168,4751859.733,525756.471,112
"538","T6",4751834.521,525755.689,42.91869629,-92.68442754,2,289,1.98430292028777,"7/7/2019","T6-04",42.9189233,-92.6844168,4751859.733,525756.471,124
"539","T6",4751834.521,525755.689,42.91869629,-92.68442754,1,346,1.98430292028777,"7/7/2019","T6-04",42.9189233,-92.6844168,4751859.733,525756.471,130
"540","T3",4752050.3,525755.365,42.92063941,-92.68442159,4,120,166.899883381229,"7/5/2019","T3-06",42.92041954,-92.68435172,4752025.906,525761.159,131
"541","T3",4752050.3,525755.365,42.92063941,-92.68442159,3,190,166.899883381229,"7/5/2019","T3-06",42.92041954,-92.68435172,4752025.906,525761.159,103
"542","T3",4752050.3,525755.365,42.92063941,-92.68442159,2,240,166.899883381229,"7/5/2019","T3-06",42.92041954,-92.68435172,4752025.906,525761.159,114.5
"543","T3",4752050.3,525755.365,42.92063941,-92.68442159,1,301,166.899883381229,"7/5/2019","T3-06",42.92041954,-92.68435172,4752025.906,525761.159,114
"544","T9",4751590.716,525762.766,42.91650056,-92.68435203,1,37,0.296483693357474,"7/7/2019","T6-14",42.91849459,-92.68433794,4751812.151,525763.086,75
"545","T6",4751834.521,525755.689,42.91869629,-92.68442754,4,117,161.979482998963,"7/7/2019","T6-14",42.91849459,-92.68433794,4751812.151,525763.086,91
"546","T6",4751834.521,525755.689,42.91869629,-92.68442754,3,238,161.979482998963,"7/7/2019","T6-14",42.91849459,-92.68433794,4751812.151,525763.086,87
"547","T6",4751834.521,525755.689,42.91869629,-92.68442754,2,289,161.979482998963,"7/7/2019","T6-14",42.91849459,-92.68433794,4751812.151,525763.086,112
"548","T6",4751834.521,525755.689,42.91869629,-92.68442754,1,346,161.979482998963,"7/7/2019","T6-14",42.91849459,-92.68433794,4751812.151,525763.086,102
"549","T9",4751590.716,525762.766,42.91650056,-92.68435203,1,37,1.17264948592198,"7/5/2019","T9-09",42.91672238,-92.68434583,4751615.35,525763.18,139
"550","T9",4751590.716,525762.766,42.91650056,-92.68435203,4,212,1.17264948592198,"7/5/2019","T9-09",42.91672238,-92.68434583,4751615.35,525763.18,118
"551","T9",4751590.716,525762.766,42.91650056,-92.68435203,3,274,1.17264948592198,"7/5/2019","T9-09",42.91672238,-92.68434583,4751615.35,525763.18,125
"552","T9",4751590.716,525762.766,42.91650056,-92.68435203,2,341,1.17264948592198,"7/5/2019","T9-09",42.91672238,-92.68434583,4751615.35,525763.18,123.5
"553","T9",4751590.716,525762.766,42.91650056,-92.68435203,1,37,0.815436212063004,"7/7/2019","T6-03",42.91890183,-92.68430536,4751857.383,525765.575,61
"554","T6",4751834.521,525755.689,42.91869629,-92.68442754,4,117,23.5242090904579,"7/7/2019","T6-03",42.91890183,-92.68430536,4751857.383,525765.575,105
"555","T6",4751834.521,525755.689,42.91869629,-92.68442754,3,238,23.5242090904579,"7/7/2019","T6-03",42.91890183,-92.68430536,4751857.383,525765.575,114
"556","T6",4751834.521,525755.689,42.91869629,-92.68442754,2,289,23.5242090904579,"7/7/2019","T6-03",42.91890183,-92.68430536,4751857.383,525765.575,120
"557","T6",4751834.521,525755.689,42.91869629,-92.68442754,1,346,23.5242090904579,"7/7/2019","T6-03",42.91890183,-92.68430536,4751857.383,525765.575,126
"558","T3",4752050.3,525755.365,42.92063941,-92.68442159,4,120,152.485556321631,"7/5/2019","T3-05",42.92043681,-92.68427748,4752027.847,525767.211,130
"559","T3",4752050.3,525755.365,42.92063941,-92.68442159,3,190,152.485556321631,"7/5/2019","T3-05",42.92043681,-92.68427748,4752027.847,525767.211,103
"560","T3",4752050.3,525755.365,42.92063941,-92.68442159,2,240,152.485556321631,"7/5/2019","T3-05",42.92043681,-92.68427748,4752027.847,525767.211,113
"561","T3",4752050.3,525755.365,42.92063941,-92.68442159,1,301,152.485556321631,"7/5/2019","T3-05",42.92043681,-92.68427748,4752027.847,525767.211,110
"562","T9",4751590.716,525762.766,42.91650056,-92.68435203,1,37,21.1385075710538,"7/5/2019","T9-10",42.91670844,-92.68424228,4751613.834,525771.637,140
"563","T9",4751590.716,525762.766,42.91650056,-92.68435203,4,212,21.1385075710538,"7/5/2019","T9-10",42.91670844,-92.68424228,4751613.834,525771.637,118
"564","T9",4751590.716,525762.766,42.91650056,-92.68435203,3,274,21.1385075710538,"7/5/2019","T9-10",42.91670844,-92.68424228,4751613.834,525771.637,121
"565","T9",4751590.716,525762.766,42.91650056,-92.68435203,2,341,21.1385075710538,"7/5/2019","T9-10",42.91670844,-92.68424228,4751613.834,525771.637,129.5
"566","T9",4751590.716,525762.766,42.91650056,-92.68435203,1,37,2.29951612359863,"7/7/2019","T6-02",42.91885842,-92.68422274,4751852.588,525772.336,63
"567","T6",4751834.521,525755.689,42.91869629,-92.68442754,4,117,42.7704389010255,"7/7/2019","T6-02",42.91885842,-92.68422274,4751852.588,525772.336,89
"568","T6",4751834.521,525755.689,42.91869629,-92.68442754,3,238,42.7704389010255,"7/7/2019","T6-02",42.91885842,-92.68422274,4751852.588,525772.336,107
"569","T6",4751834.521,525755.689,42.91869629,-92.68442754,2,289,42.7704389010255,"7/7/2019","T6-02",42.91885842,-92.68422274,4751852.588,525772.336,111
"570","T6",4751834.521,525755.689,42.91869629,-92.68442754,1,346,42.7704389010255,"7/7/2019","T6-02",42.91885842,-92.68422274,4751852.588,525772.336,105
"571","T3",4752050.3,525755.365,42.92063941,-92.68442159,4,120,134.72669173944,"7/5/2019","T3-04",42.92048222,-92.68420488,4752032.911,525773.117,134
"572","T3",4752050.3,525755.365,42.92063941,-92.68442159,3,190,134.72669173944,"7/5/2019","T3-04",42.92048222,-92.68420488,4752032.911,525773.117,110
"573","T3",4752050.3,525755.365,42.92063941,-92.68442159,2,240,134.72669173944,"7/5/2019","T3-04",42.92048222,-92.68420488,4752032.911,525773.117,119
"574","T3",4752050.3,525755.365,42.92063941,-92.68442159,1,301,134.72669173944,"7/5/2019","T3-04",42.92048222,-92.68420488,4752032.911,525773.117,112
"575","T9",4751590.716,525762.766,42.91650056,-92.68435203,1,37,3.0385332193113,"7/7/2019","T6-01",42.918794,-92.68418579,4751845.446,525775.379,66.5
"576","T6",4751834.521,525755.689,42.91869629,-92.68442754,4,117,61.1049893769364,"7/7/2019","T6-01",42.918794,-92.68418579,4751845.446,525775.379,85
"577","T6",4751834.521,525755.689,42.91869629,-92.68442754,3,238,61.1049893769364,"7/7/2019","T6-01",42.918794,-92.68418579,4751845.446,525775.379,107
"578","T6",4751834.521,525755.689,42.91869629,-92.68442754,2,289,61.1049893769364,"7/7/2019","T6-01",42.918794,-92.68418579,4751845.446,525775.379,108.5
"579","T6",4751834.521,525755.689,42.91869629,-92.68442754,1,346,61.1049893769364,"7/7/2019","T6-01",42.918794,-92.68418579,4751845.446,525775.379,69
"580","T3",4752050.3,525755.365,42.92063941,-92.68442159,4,120,118.50492881035,"7/5/2019","T3-03",42.92053308,-92.68415422,4752038.575,525777.23,133
"581","T3",4752050.3,525755.365,42.92063941,-92.68442159,3,190,118.50492881035,"7/5/2019","T3-03",42.92053308,-92.68415422,4752038.575,525777.23,112
"582","T3",4752050.3,525755.365,42.92063941,-92.68442159,2,240,118.50492881035,"7/5/2019","T3-03",42.92053308,-92.68415422,4752038.575,525777.23,120
"583","T3",4752050.3,525755.365,42.92063941,-92.68442159,1,301,118.50492881035,"7/5/2019","T3-03",42.92053308,-92.68415422,4752038.575,525777.23,107.5
"584","T3",4752050.3,525755.365,42.92063941,-92.68442159,4,120,98.8427526189019,"7/5/2019","T3-02",42.92060551,-92.68412403,4752046.627,525779.664,123.5
"585","T3",4752050.3,525755.365,42.92063941,-92.68442159,3,190,98.8427526189019,"7/5/2019","T3-02",42.92060551,-92.68412403,4752046.627,525779.664,109
"586","T3",4752050.3,525755.365,42.92063941,-92.68442159,2,240,98.8427526189019,"7/5/2019","T3-02",42.92060551,-92.68412403,4752046.627,525779.664,117
"587","T3",4752050.3,525755.365,42.92063941,-92.68442159,1,301,98.8427526189019,"7/5/2019","T3-02",42.92060551,-92.68412403,4752046.627,525779.664,94
"588","T9",4751590.716,525762.766,42.91650056,-92.68435203,1,37,42.6181671089539,"7/5/2019","T9-11",42.91666603,-92.68414413,4751609.154,525779.666,138.5
"589","T9",4751590.716,525762.766,42.91650056,-92.68435203,4,212,42.6181671089539,"7/5/2019","T9-11",42.91666603,-92.68414413,4751609.154,525779.666,115
"590","T9",4751590.716,525762.766,42.91650056,-92.68435203,3,274,42.6181671089539,"7/5/2019","T9-11",42.91666603,-92.68414413,4751609.154,525779.666,116
"591","T9",4751590.716,525762.766,42.91650056,-92.68435203,2,341,42.6181671089539,"7/5/2019","T9-11",42.91666603,-92.68414413,4751609.154,525779.666,128
"592","T3",4752050.3,525755.365,42.92063941,-92.68442159,4,120,80.8419271000402,"7/5/2019","T3-01",42.92067498,-92.68412029,4752054.343,525779.94,118
"593","T3",4752050.3,525755.365,42.92063941,-92.68442159,3,190,80.8419271000402,"7/5/2019","T3-01",42.92067498,-92.68412029,4752054.343,525779.94,110
"594","T3",4752050.3,525755.365,42.92063941,-92.68442159,2,240,80.8419271000402,"7/5/2019","T3-01",42.92067498,-92.68412029,4752054.343,525779.94,117
"595","T3",4752050.3,525755.365,42.92063941,-92.68442159,1,301,80.8419271000402,"7/5/2019","T3-01",42.92067498,-92.68412029,4752054.343,525779.94,104
"596","T9",4751590.716,525762.766,42.91650056,-92.68435203,1,37,64.0532601566285,"7/5/2019","T9-12",42.91659631,-92.68408333,4751601.431,525784.657,136
"597","T9",4751590.716,525762.766,42.91650056,-92.68435203,4,212,64.0532601566285,"7/5/2019","T9-12",42.91659631,-92.68408333,4751601.431,525784.657,110
"598","T9",4751590.716,525762.766,42.91650056,-92.68435203,3,274,64.0532601566285,"7/5/2019","T9-12",42.91659631,-92.68408333,4751601.431,525784.657,113
"599","T9",4751590.716,525762.766,42.91650056,-92.68435203,2,341,64.0532601566285,"7/5/2019","T9-12",42.91659631,-92.68408333,4751601.431,525784.657,128
"600","T9",4751590.716,525762.766,42.91650056,-92.68435203,1,37,105.02081506653,"7/5/2019","T9-14",42.91644389,-92.68406366,4751584.511,525786.326,126
"601","T9",4751590.716,525762.766,42.91650056,-92.68435203,4,212,105.02081506653,"7/5/2019","T9-14",42.91644389,-92.68406366,4751584.511,525786.326,109
"602","T9",4751590.716,525762.766,42.91650056,-92.68435203,3,274,105.02081506653,"7/5/2019","T9-14",42.91644389,-92.68406366,4751584.511,525786.326,86
"603","T9",4751590.716,525762.766,42.91650056,-92.68435203,2,341,105.02081506653,"7/5/2019","T9-14",42.91644389,-92.68406366,4751584.511,525786.326,125
"604","T9",4751590.716,525762.766,42.91650056,-92.68435203,1,37,86.1010180615103,"7/5/2019","T9-13",42.91651587,-92.68404529,4751592.51,525787.796,133
"605","T9",4751590.716,525762.766,42.91650056,-92.68435203,4,212,86.1010180615103,"7/5/2019","T9-13",42.91651587,-92.68404529,4751592.51,525787.796,111
"606","T9",4751590.716,525762.766,42.91650056,-92.68435203,3,274,86.1010180615103,"7/5/2019","T9-13",42.91651587,-92.68404529,4751592.51,525787.796,109
"607","T9",4751590.716,525762.766,42.91650056,-92.68435203,2,341,86.1010180615103,"7/5/2019","T9-13",42.91651587,-92.68404529,4751592.51,525787.796,126
